model_id,layer_index,n_layers,relative_depth,r2_b,beta,s,r2_eps
01-ai/Yi-1.5-9B-Chat,47,48,0.020833333333333332,0.0845192807140368,-0.12315849914995278,0.128326301949959,0.10910373252320693
01-ai/Yi-1.5-9B-Chat,46,48,0.041666666666666664,0.07281352725632828,-0.12762112376042745,0.128326301949959,0.09690152946583364
01-ai/Yi-1.5-9B-Chat,45,48,0.0625,0.16120415428708168,-0.13671913726610666,0.128326301949959,0.13265040447071919
01-ai/Yi-1.5-9B-Chat,44,48,0.08333333333333333,0.17249119464182006,-0.13884328743135627,0.128326301949959,0.160020148275147
01-ai/Yi-1.5-9B-Chat,43,48,0.10416666666666667,0.16560899370139548,-0.1407559309636796,0.128326301949959,0.1635050908356196
01-ai/Yi-1.5-9B-Chat,42,48,0.125,0.17037488784300758,-0.13823838165275687,0.128326301949959,0.18539518212193884
01-ai/Yi-1.5-9B-Chat,41,48,0.14583333333333334,0.17578471721520728,-0.1359118439113311,0.128326301949959,0.1943182454050867
01-ai/Yi-1.5-9B-Chat,40,48,0.16666666666666666,0.17549377581768766,-0.13678380621998923,0.128326301949959,0.19190155758114458
01-ai/Yi-1.5-9B-Chat,39,48,0.1875,0.19507898132980372,-0.13591466136337557,0.128326301949959,0.16638232143599974
01-ai/Yi-1.5-9B-Chat,38,48,0.20833333333333334,0.18988313138896196,-0.1369609930559749,0.128326301949959,0.14963112071983642
01-ai/Yi-1.5-9B-Chat,37,48,0.22916666666666666,0.20131319172223583,-0.13772911047454114,0.128326301949959,0.2014398409196001
01-ai/Yi-1.5-9B-Chat,36,48,0.25,0.21750079963884517,-0.13623464822273695,0.128326301949959,0.18944083434018422
01-ai/Yi-1.5-9B-Chat,35,48,0.2708333333333333,0.2797157005038121,-0.13042455738680164,0.128326301949959,0.2006259082328402
01-ai/Yi-1.5-9B-Chat,34,48,0.2916666666666667,0.28542129902406466,-0.13727669068866394,0.128326301949959,0.18919215012900914
01-ai/Yi-1.5-9B-Chat,33,48,0.3125,0.30034866526978077,-0.13745336381978587,0.128326301949959,0.18305824746965105
01-ai/Yi-1.5-9B-Chat,32,48,0.3333333333333333,0.30716102816062474,-0.1299432883200228,0.128326301949959,0.21194844815933056
01-ai/Yi-1.5-9B-Chat,31,48,0.3541666666666667,0.2563456347468267,-0.13630516820972202,0.128326301949959,0.19577481843868172
01-ai/Yi-1.5-9B-Chat,30,48,0.375,0.2933596258758142,-0.1358434828219636,0.128326301949959,0.20576647987731955
01-ai/Yi-1.5-9B-Chat,29,48,0.3958333333333333,0.3219324377821189,-0.13647432107043841,0.128326301949959,0.1932206650644419
01-ai/Yi-1.5-9B-Chat,28,48,0.4166666666666667,0.33932901043452524,-0.1357731168311444,0.128326301949959,0.190075219590211
01-ai/Yi-1.5-9B-Chat,27,48,0.4375,0.3677762131888437,-0.12940014508185044,0.128326301949959,0.20843115272506607
01-ai/Yi-1.5-9B-Chat,26,48,0.4583333333333333,0.3405066357340102,-0.12933878730883053,0.128326301949959,0.22297521213346028
01-ai/Yi-1.5-9B-Chat,25,48,0.4791666666666667,0.346493368555324,-0.12933628534998673,0.128326301949959,0.20345424981217253
01-ai/Yi-1.5-9B-Chat,24,48,0.5,0.3115209884174438,-0.1294088845682109,0.128326301949959,0.18855681345704467
01-ai/Yi-1.5-9B-Chat,23,48,0.5208333333333334,0.2929778342668753,-0.12955642767663098,0.128326301949959,0.18882838123391554
01-ai/Yi-1.5-9B-Chat,22,48,0.5416666666666666,0.26691432939321524,-0.12991987261949703,0.128326301949959,0.20495417992040155
01-ai/Yi-1.5-9B-Chat,21,48,0.5625,0.29470957357970107,-0.13022503960562062,0.128326301949959,0.21475400394633415
01-ai/Yi-1.5-9B-Chat,20,48,0.5833333333333334,0.25181744789206273,-0.13735736751850988,0.128326301949959,0.21776486973416642
01-ai/Yi-1.5-9B-Chat,19,48,0.6041666666666666,0.29080106618202206,-0.13788477981652283,0.128326301949959,0.20064607693977843
01-ai/Yi-1.5-9B-Chat,18,48,0.625,0.3483688627236041,-0.1303002843117009,0.128326301949959,0.20655764279732258
01-ai/Yi-1.5-9B-Chat,17,48,0.6458333333333334,0.3786187621577277,-0.12586429919632772,0.128326301949959,0.20266311532300485
01-ai/Yi-1.5-9B-Chat,16,48,0.6666666666666666,0.3393735366280932,-0.1304936301940145,0.128326301949959,0.19611378501022803
01-ai/Yi-1.5-9B-Chat,15,48,0.6875,0.29554967050558956,-0.13083253958884397,0.128326301949959,0.16341600788469735
01-ai/Yi-1.5-9B-Chat,14,48,0.7083333333333334,0.3121369386757167,-0.1313675450427581,0.128326301949959,0.19726522514953349
01-ai/Yi-1.5-9B-Chat,13,48,0.7291666666666666,0.3268728120609936,-0.13047901990630076,0.128326301949959,0.2202717150936655
01-ai/Yi-1.5-9B-Chat,12,48,0.75,0.32607251652791736,-0.1301829357413937,0.128326301949959,0.1828840553394998
01-ai/Yi-1.5-9B-Chat,11,48,0.7708333333333334,0.31892664666666903,-0.12982402577188346,0.128326301949959,0.250219533089032
01-ai/Yi-1.5-9B-Chat,10,48,0.7916666666666666,0.2909872090363216,-0.1300979999260665,0.128326301949959,0.22524449530707924
01-ai/Yi-1.5-9B-Chat,9,48,0.8125,0.22682591386116446,-0.1299331950159953,0.128326301949959,0.21146563845377364
01-ai/Yi-1.5-9B-Chat,8,48,0.8333333333333334,0.2204352544735918,-0.14254919157316415,0.128326301949959,0.19369259098827618
01-ai/Yi-1.5-9B-Chat,7,48,0.8541666666666666,0.21381665949198136,-0.14155347020475906,0.128326301949959,0.1873624004399188
01-ai/Yi-1.5-9B-Chat,6,48,0.875,0.24206326193652183,-0.13619917891213504,0.128326301949959,0.18906358315100014
01-ai/Yi-1.5-9B-Chat,5,48,0.8958333333333334,0.29527255239871997,-0.12963713504827412,0.128326301949959,0.1914514840375996
01-ai/Yi-1.5-9B-Chat,4,48,0.9166666666666666,0.30269396716233044,-0.13529510769655625,0.128326301949959,0.1955964407811437
01-ai/Yi-1.5-9B-Chat,3,48,0.9375,0.32559823159120616,-0.13545681864666811,0.128326301949959,0.19820862435793152
01-ai/Yi-1.5-9B-Chat,2,48,0.9583333333333334,0.3203531511636938,-0.13573943091002214,0.128326301949959,0.19310049083754255
01-ai/Yi-1.5-9B-Chat,1,48,0.9791666666666666,0.32781182573823553,-0.12989755369467823,0.128326301949959,0.19520435845137663
01-ai/Yi-1.5-9B-Chat,0,48,1.0,0.3159965577913233,-0.13068708201686197,0.128326301949959,0.16009291778086365
EleutherAI/pythia-12b-deduped,35,36,0.027777777777777776,-0.02431276680015171,-0.004119252068290118,0.006268712267457021,0.07400772834499725
EleutherAI/pythia-12b-deduped,34,36,0.05555555555555555,-0.04553965456501596,-0.006605054639298877,0.006268712267457021,0.08768681479131546
EleutherAI/pythia-12b-deduped,33,36,0.08333333333333333,-0.038722563483655215,-0.00495397313142036,0.006268712267457021,0.1149299682393522
EleutherAI/pythia-12b-deduped,32,36,0.1111111111111111,-0.01365215114090046,-0.004655346524574491,0.006268712267457021,0.11428373174402162
EleutherAI/pythia-12b-deduped,31,36,0.1388888888888889,-0.017272097771745543,-0.004376908445757772,0.006268712267457021,0.1628335660023057
EleutherAI/pythia-12b-deduped,30,36,0.16666666666666666,0.005569192215289953,-0.0036265799776655037,0.006268712267457021,0.2789612463370825
EleutherAI/pythia-12b-deduped,29,36,0.19444444444444445,0.016737991375471384,-0.0034124854490833597,0.006268712267457021,0.40670826632565016
EleutherAI/pythia-12b-deduped,28,36,0.2222222222222222,0.014271194866963266,-0.003210342588038433,0.006268712267457021,0.40215893740869424
EleutherAI/pythia-12b-deduped,27,36,0.25,0.016590335728128403,-0.0027086663832562455,0.006268712267457021,0.4404450829760507
EleutherAI/pythia-12b-deduped,26,36,0.2777777777777778,0.02403979401822398,-0.0027356957623937937,0.006268712267457021,0.5208448999194892
EleutherAI/pythia-12b-deduped,25,36,0.3055555555555556,0.01686579916234976,-0.00311620478908998,0.006268712267457021,0.511470550394279
EleutherAI/pythia-12b-deduped,24,36,0.3333333333333333,0.01704454090275398,-0.0030739494927403033,0.006268712267457021,0.4945889608288694
EleutherAI/pythia-12b-deduped,23,36,0.3611111111111111,0.015933416801121147,-0.0027409588415552625,0.006268712267457021,0.49645910218590483
EleutherAI/pythia-12b-deduped,22,36,0.3888888888888889,0.012829724652708707,-0.00323848992865108,0.006268712267457021,0.5000444113416872
EleutherAI/pythia-12b-deduped,21,36,0.4166666666666667,0.009703789882636316,-0.0033298023516531183,0.006268712267457021,0.5044748634217431
EleutherAI/pythia-12b-deduped,20,36,0.4444444444444444,-0.09072392723703815,-0.0035249024064901283,0.006268712267457021,0.49899143534699686
EleutherAI/pythia-12b-deduped,19,36,0.4722222222222222,-0.08886190428507668,-0.004096315796162088,0.006268712267457021,0.49307740223336904
EleutherAI/pythia-12b-deduped,18,36,0.5,-0.10757469849314716,-0.0038003626867720896,0.006268712267457021,0.463928794026639
EleutherAI/pythia-12b-deduped,17,36,0.5277777777777778,-0.11164086553998831,-0.0038615686522525386,0.006268712267457021,0.4362923503768795
EleutherAI/pythia-12b-deduped,16,36,0.5555555555555556,-0.12185396816841698,-0.003688676572804264,0.006268712267457021,0.41699665596448565
EleutherAI/pythia-12b-deduped,15,36,0.5833333333333334,-0.14064976112412797,-0.0036916057831584523,0.006268712267457021,0.4214303863603497
EleutherAI/pythia-12b-deduped,14,36,0.6111111111111112,-0.12249188448263948,-0.0037741946748112193,0.006268712267457021,0.405172144647447
EleutherAI/pythia-12b-deduped,13,36,0.6388888888888888,-0.11612057564342759,-0.0037164055847995346,0.006268712267457021,0.4062250349304499
EleutherAI/pythia-12b-deduped,12,36,0.6666666666666666,-0.020459309815912263,-0.00047292993913211417,0.006268712267457021,0.39750965827283347
EleutherAI/pythia-12b-deduped,11,36,0.6944444444444444,-0.025555294715475796,-0.0008174676958502981,0.006268712267457021,0.4091401976595058
EleutherAI/pythia-12b-deduped,10,36,0.7222222222222222,-0.02086580092001955,-0.0012237470163190547,0.006268712267457021,0.39759195097867184
EleutherAI/pythia-12b-deduped,9,36,0.75,-0.01024691948872869,-0.0017652476490480518,0.006268712267457021,0.3852623937060219
EleutherAI/pythia-12b-deduped,8,36,0.7777777777777778,-0.004108313332421121,-0.0022922142953869422,0.006268712267457021,0.3578677554763199
EleutherAI/pythia-12b-deduped,7,36,0.8055555555555556,-0.006379376422938954,-0.0028117996271157836,0.006268712267457021,0.3440851260447879
EleutherAI/pythia-12b-deduped,6,36,0.8333333333333334,-0.0076445984336239725,-0.003087314896129194,0.006268712267457021,0.33371086229782565
EleutherAI/pythia-12b-deduped,5,36,0.8611111111111112,-0.007253813080377203,-0.003379431144592448,0.006268712267457021,0.32643568660816213
EleutherAI/pythia-12b-deduped,4,36,0.8888888888888888,-0.006086342542842571,-0.003760468600490444,0.006268712267457021,0.32052989384881236
EleutherAI/pythia-12b-deduped,3,36,0.9166666666666666,0.0008728621522603452,-0.0041941760513710645,0.006268712267457021,0.30215403043595435
EleutherAI/pythia-12b-deduped,2,36,0.9444444444444444,-0.0007979749607027742,-0.0045488595021537315,0.006268712267457021,0.2936848984840783
EleutherAI/pythia-12b-deduped,1,36,0.9722222222222222,0.001733371401477335,-0.004690158605384063,0.006268712267457021,0.2934184493957426
EleutherAI/pythia-12b-deduped,0,36,1.0,-0.01024879030283321,-0.003156268782806809,0.006268712267457021,0.2485118491285414
HuggingFaceTB/SmolLM3-3B,35,36,0.027777777777777776,0.0580420016618729,-0.02736717932333318,0.021108535982304028,0.4390215276928934
HuggingFaceTB/SmolLM3-3B,34,36,0.05555555555555555,0.17449865302836398,-0.031151931567508024,0.021108535982304028,0.4228815678537381
HuggingFaceTB/SmolLM3-3B,33,36,0.08333333333333333,0.2538287698429945,-0.031176790046112714,0.021108535982304028,0.41791659926336
HuggingFaceTB/SmolLM3-3B,32,36,0.1111111111111111,0.27376958721873723,-0.030817421355590385,0.021108535982304028,0.4509827485992274
HuggingFaceTB/SmolLM3-3B,31,36,0.1388888888888889,0.28261521449768356,-0.02763902267079566,0.021108535982304028,0.44524408790396675
HuggingFaceTB/SmolLM3-3B,30,36,0.16666666666666666,0.2755758401886014,-0.024418615250274382,0.021108535982304028,0.42987859437637477
HuggingFaceTB/SmolLM3-3B,29,36,0.19444444444444445,0.3485190658695888,-0.022225016769396425,0.021108535982304028,0.42843524073283346
HuggingFaceTB/SmolLM3-3B,28,36,0.2222222222222222,0.2958108339299824,-0.023696953036710093,0.021108535982304028,0.43823357156614884
HuggingFaceTB/SmolLM3-3B,27,36,0.25,0.3170279859971098,-0.025887863918366102,0.021108535982304028,0.45343636869856574
HuggingFaceTB/SmolLM3-3B,26,36,0.2777777777777778,0.3568804121406616,-0.023465872044678846,0.021108535982304028,0.46793631138344616
HuggingFaceTB/SmolLM3-3B,25,36,0.3055555555555556,0.37204816512201877,-0.025524507796657173,0.021108535982304028,0.48989453503042657
HuggingFaceTB/SmolLM3-3B,24,36,0.3333333333333333,0.3475442358235429,-0.025453589136389235,0.021108535982304028,0.4817749523148668
HuggingFaceTB/SmolLM3-3B,23,36,0.3611111111111111,0.390507459321187,-0.02306280862750363,0.021108535982304028,0.48722991413327055
HuggingFaceTB/SmolLM3-3B,22,36,0.3888888888888889,0.4092895410798716,-0.02310372085455105,0.021108535982304028,0.49033763421991217
HuggingFaceTB/SmolLM3-3B,21,36,0.4166666666666667,0.4027014390853847,-0.02300861301850373,0.021108535982304028,0.49241179474664487
HuggingFaceTB/SmolLM3-3B,20,36,0.4444444444444444,0.411447832384116,-0.022977020418431544,0.021108535982304028,0.4981308505791129
HuggingFaceTB/SmolLM3-3B,19,36,0.4722222222222222,0.4117153586907276,-0.02518412742148376,0.021108535982304028,0.5007098684959039
HuggingFaceTB/SmolLM3-3B,18,36,0.5,0.38238871880971725,-0.025362057106628852,0.021108535982304028,0.47919107995771537
HuggingFaceTB/SmolLM3-3B,17,36,0.5277777777777778,0.36942654794393126,-0.025488536905473366,0.021108535982304028,0.5049496915821781
HuggingFaceTB/SmolLM3-3B,16,36,0.5555555555555556,0.37759535759800944,-0.025250803699800345,0.021108535982304028,0.5440432733084088
HuggingFaceTB/SmolLM3-3B,15,36,0.5833333333333334,0.3444873405431256,-0.025474573490906968,0.021108535982304028,0.5499251313667569
HuggingFaceTB/SmolLM3-3B,14,36,0.6111111111111112,0.3273762120812337,-0.025603914674218988,0.021108535982304028,0.5026075964802725
HuggingFaceTB/SmolLM3-3B,13,36,0.6388888888888888,0.2821527906360064,-0.02567323664313087,0.021108535982304028,0.4806639644334263
HuggingFaceTB/SmolLM3-3B,12,36,0.6666666666666666,0.3052444592541944,-0.025759562929653486,0.021108535982304028,0.4915053792670323
HuggingFaceTB/SmolLM3-3B,11,36,0.6944444444444444,0.27819081926227573,-0.029933633186934837,0.021108535982304028,0.48415212268062513
HuggingFaceTB/SmolLM3-3B,10,36,0.7222222222222222,0.25321751638199796,-0.026270030100576526,0.021108535982304028,0.4754604579492633
HuggingFaceTB/SmolLM3-3B,9,36,0.75,0.22978518616842247,-0.030751005688238197,0.021108535982304028,0.46901033100908496
HuggingFaceTB/SmolLM3-3B,8,36,0.7777777777777778,0.2558985738322216,-0.02640307717954353,0.021108535982304028,0.47221849289165463
HuggingFaceTB/SmolLM3-3B,7,36,0.8055555555555556,0.22213200312062453,-0.031081289310940275,0.021108535982304028,0.4821513365849647
HuggingFaceTB/SmolLM3-3B,6,36,0.8333333333333334,0.25297507721696466,-0.031063021189656988,0.021108535982304028,0.47928131513590566
HuggingFaceTB/SmolLM3-3B,5,36,0.8611111111111112,0.24666321120328427,-0.031035656092806122,0.021108535982304028,0.49151845975702657
HuggingFaceTB/SmolLM3-3B,4,36,0.8888888888888888,0.24754022995870972,-0.0309974784968396,0.021108535982304028,0.48485777192333335
HuggingFaceTB/SmolLM3-3B,3,36,0.9166666666666666,0.25778486246438415,-0.030911020065699034,0.021108535982304028,0.4910427361948494
HuggingFaceTB/SmolLM3-3B,2,36,0.9444444444444444,0.2554268220842676,-0.026623382858342585,0.021108535982304028,0.49384294426118913
HuggingFaceTB/SmolLM3-3B,1,36,0.9722222222222222,0.24812239953258575,-0.026685345265603153,0.021108535982304028,0.47269664851758686
HuggingFaceTB/SmolLM3-3B,0,36,1.0,0.28196643473633065,-0.031160987586950697,0.021108535982304028,0.47644822826438715
HuggingFaceTB/SmolLM3-3B-Base,35,36,0.027777777777777776,-0.06357934000201437,-0.01907176108476031,0.023722511819713257,-0.00852051990240943
HuggingFaceTB/SmolLM3-3B-Base,34,36,0.05555555555555555,-0.08662694964043038,-0.0221381576537634,0.023722511819713257,0.023050709880028886
HuggingFaceTB/SmolLM3-3B-Base,33,36,0.08333333333333333,-0.051284885033369365,-0.023649855257533017,0.023722511819713257,0.14260786576194895
HuggingFaceTB/SmolLM3-3B-Base,32,36,0.1111111111111111,-0.00933341494383888,-0.023580310047299515,0.023722511819713257,0.25080249264980836
HuggingFaceTB/SmolLM3-3B-Base,31,36,0.1388888888888889,-0.039290947118568065,-0.024041583422344033,0.023722511819713257,0.14246904981288655
HuggingFaceTB/SmolLM3-3B-Base,30,36,0.16666666666666666,-0.02296538854126351,-0.02473602523915072,0.023722511819713257,0.22659964624402773
HuggingFaceTB/SmolLM3-3B-Base,29,36,0.19444444444444445,0.02626142693372835,-0.022633087723369336,0.023722511819713257,0.28749863155433886
HuggingFaceTB/SmolLM3-3B-Base,28,36,0.2222222222222222,-0.07618910794446498,-0.02265705031884246,0.023722511819713257,0.29829765572922984
HuggingFaceTB/SmolLM3-3B-Base,27,36,0.25,-0.09437430309952899,-0.02495066818265214,0.023722511819713257,0.30437464283955507
HuggingFaceTB/SmolLM3-3B-Base,26,36,0.2777777777777778,-0.1974382593053483,-0.0345775020208609,0.023722511819713257,0.31232269237660903
HuggingFaceTB/SmolLM3-3B-Base,25,36,0.3055555555555556,-0.019085733087545353,-0.026018088550923538,0.023722511819713257,0.3582125427136561
HuggingFaceTB/SmolLM3-3B-Base,24,36,0.3333333333333333,-0.05477517654510211,-0.03125410499042117,0.023722511819713257,0.36576406264161243
HuggingFaceTB/SmolLM3-3B-Base,23,36,0.3611111111111111,-0.033600347768755645,-0.026722941591028785,0.023722511819713257,0.3647929505650912
HuggingFaceTB/SmolLM3-3B-Base,22,36,0.3888888888888889,-0.06714646616080544,-0.025617181367112742,0.023722511819713257,0.4156839942263907
HuggingFaceTB/SmolLM3-3B-Base,21,36,0.4166666666666667,-0.04301288713156315,-0.02589238917051519,0.023722511819713257,0.422237172139026
HuggingFaceTB/SmolLM3-3B-Base,20,36,0.4444444444444444,-0.028926926429829525,-0.0329948716681249,0.023722511819713257,0.3852480887888379
HuggingFaceTB/SmolLM3-3B-Base,19,36,0.4722222222222222,-0.007814493260508426,-0.03423257103363143,0.023722511819713257,0.4282761304397914
HuggingFaceTB/SmolLM3-3B-Base,18,36,0.5,-0.0025762355000651382,-0.023302369800871997,0.023722511819713257,0.4118397825788451
HuggingFaceTB/SmolLM3-3B-Base,17,36,0.5277777777777778,-0.013185083044873425,-0.04755232672949077,0.023722511819713257,0.3643733267097944
HuggingFaceTB/SmolLM3-3B-Base,16,36,0.5555555555555556,-0.017171327709533557,-0.05495240130397329,0.023722511819713257,0.36688182925634394
HuggingFaceTB/SmolLM3-3B-Base,15,36,0.5833333333333334,-0.02785031188115661,-0.053594228351362794,0.023722511819713257,0.3287349667201225
HuggingFaceTB/SmolLM3-3B-Base,14,36,0.6111111111111112,-0.020386094568189073,-0.0549141537609097,0.023722511819713257,0.3219051492883187
HuggingFaceTB/SmolLM3-3B-Base,13,36,0.6388888888888888,-0.015602724789882227,-0.057724199738126376,0.023722511819713257,0.28672270467513905
HuggingFaceTB/SmolLM3-3B-Base,12,36,0.6666666666666666,-0.01361197714302076,-0.049780303322409326,0.023722511819713257,0.2819254517134344
HuggingFaceTB/SmolLM3-3B-Base,11,36,0.6944444444444444,-0.014820692042598393,-0.05578331303328286,0.023722511819713257,0.2945134233488188
HuggingFaceTB/SmolLM3-3B-Base,10,36,0.7222222222222222,-0.019023779028733312,-0.05647808870874806,0.023722511819713257,0.2956384039352471
HuggingFaceTB/SmolLM3-3B-Base,9,36,0.75,-0.043792586841363335,-0.05665460686418823,0.023722511819713257,0.27704729230159486
HuggingFaceTB/SmolLM3-3B-Base,8,36,0.7777777777777778,-0.11630740597633293,-0.05109549604357904,0.023722511819713257,0.285593187193825
HuggingFaceTB/SmolLM3-3B-Base,7,36,0.8055555555555556,-0.14087324366333953,-0.05683472037009931,0.023722511819713257,0.3080080809398841
HuggingFaceTB/SmolLM3-3B-Base,6,36,0.8333333333333334,-0.04113462775592258,-0.057684294245396485,0.023722511819713257,0.2874006067546051
HuggingFaceTB/SmolLM3-3B-Base,5,36,0.8611111111111112,-0.16122120631917425,-0.05812603067907699,0.023722511819713257,0.2892175298354459
HuggingFaceTB/SmolLM3-3B-Base,4,36,0.8888888888888888,-0.007916686985204313,-0.05839520222299792,0.023722511819713257,0.2588244321906753
HuggingFaceTB/SmolLM3-3B-Base,3,36,0.9166666666666666,-0.0012817774591560305,-0.05691045942370452,0.023722511819713257,0.26232261442135596
HuggingFaceTB/SmolLM3-3B-Base,2,36,0.9444444444444444,-0.001988566156985838,-0.05656614756517525,0.023722511819713257,0.25320103803024174
HuggingFaceTB/SmolLM3-3B-Base,1,36,0.9722222222222222,-0.012454573989523654,-0.053873415546528476,0.023722511819713257,0.2606626962186982
HuggingFaceTB/SmolLM3-3B-Base,0,36,1.0,-0.027088617665893322,-0.050650931692145296,0.023722511819713257,0.21076215156208877
Qwen/Qwen2.5-14B-Instruct,47,48,0.020833333333333332,0.20848744410599906,-0.01563515018935691,0.01322675311647156,0.30795611400050393
Qwen/Qwen2.5-14B-Instruct,46,48,0.041666666666666664,0.1980756380018731,-0.015600381981057648,0.01322675311647156,0.33169940947879073
Qwen/Qwen2.5-14B-Instruct,45,48,0.0625,0.2065374154381543,-0.015856553498810454,0.01322675311647156,0.3240084296893735
Qwen/Qwen2.5-14B-Instruct,44,48,0.08333333333333333,0.1909058483601146,-0.017173737629640317,0.01322675311647156,0.32005121435055706
Qwen/Qwen2.5-14B-Instruct,43,48,0.10416666666666667,0.18904991825539863,-0.015089664019045108,0.01322675311647156,0.3306520191222717
Qwen/Qwen2.5-14B-Instruct,42,48,0.125,0.38758373185824524,-0.014050738905845352,0.01322675311647156,0.39973406211780904
Qwen/Qwen2.5-14B-Instruct,41,48,0.14583333333333334,0.3669691474945912,-0.014527742826162867,0.01322675311647156,0.4081292417683905
Qwen/Qwen2.5-14B-Instruct,40,48,0.16666666666666666,0.3789932159777526,-0.014492129755731577,0.01322675311647156,0.4404944780740092
Qwen/Qwen2.5-14B-Instruct,39,48,0.1875,0.37170847127043016,-0.014323519459785185,0.01322675311647156,0.4530460604499883
Qwen/Qwen2.5-14B-Instruct,38,48,0.20833333333333334,0.3866366421089932,-0.014251133379214187,0.01322675311647156,0.43824970364111215
Qwen/Qwen2.5-14B-Instruct,37,48,0.22916666666666666,0.3869661164036944,-0.014441373756336298,0.01322675311647156,0.4503329751712425
Qwen/Qwen2.5-14B-Instruct,36,48,0.25,0.3497887907855509,-0.015177307709377802,0.01322675311647156,0.43967166936171076
Qwen/Qwen2.5-14B-Instruct,35,48,0.2708333333333333,0.3429505703072002,-0.015236301568675267,0.01322675311647156,0.4288461265021135
Qwen/Qwen2.5-14B-Instruct,34,48,0.2916666666666667,0.31921675257323257,-0.014504646370385744,0.01322675311647156,0.3913400534861089
Qwen/Qwen2.5-14B-Instruct,33,48,0.3125,0.3233425106197251,-0.014641921561501795,0.01322675311647156,0.44642481869390316
Qwen/Qwen2.5-14B-Instruct,32,48,0.3333333333333333,0.28179141422972287,-0.01542451960288079,0.01322675311647156,0.4931256056129464
Qwen/Qwen2.5-14B-Instruct,31,48,0.3541666666666667,0.3103854386521684,-0.015428711998054775,0.01322675311647156,0.48928043892362183
Qwen/Qwen2.5-14B-Instruct,30,48,0.375,0.33253733544250064,-0.014402444734124262,0.01322675311647156,0.5034965604265624
Qwen/Qwen2.5-14B-Instruct,29,48,0.3958333333333333,0.3577243230794023,-0.014293588986920886,0.01322675311647156,0.503528053943914
Qwen/Qwen2.5-14B-Instruct,28,48,0.4166666666666667,0.3322296994755588,-0.015157065658052313,0.01322675311647156,0.518614649175008
Qwen/Qwen2.5-14B-Instruct,27,48,0.4375,0.3405479956811204,-0.014111298766857279,0.01322675311647156,0.5458325447123578
Qwen/Qwen2.5-14B-Instruct,26,48,0.4583333333333333,0.3548487526356573,-0.014067978103254988,0.01322675311647156,0.5390154690874307
Qwen/Qwen2.5-14B-Instruct,25,48,0.4791666666666667,0.39902216571171445,-0.013829265570085535,0.01322675311647156,0.5327490384822557
Qwen/Qwen2.5-14B-Instruct,24,48,0.5,0.3622369095262026,-0.01435961673605121,0.01322675311647156,0.521555268676491
Qwen/Qwen2.5-14B-Instruct,23,48,0.5208333333333334,0.37463977110547153,-0.014345725093990954,0.01322675311647156,0.5273652017125688
Qwen/Qwen2.5-14B-Instruct,22,48,0.5416666666666666,0.4246716207168586,-0.014249380018829463,0.01322675311647156,0.5408584823942151
Qwen/Qwen2.5-14B-Instruct,21,48,0.5625,0.43146501839618,-0.014287861728065314,0.01322675311647156,0.5496500648756337
Qwen/Qwen2.5-14B-Instruct,20,48,0.5833333333333334,0.43738226738751007,-0.014330923027833106,0.01322675311647156,0.5344006426222612
Qwen/Qwen2.5-14B-Instruct,19,48,0.6041666666666666,0.42579402664874777,-0.014384863791707144,0.01322675311647156,0.5324096260576733
Qwen/Qwen2.5-14B-Instruct,18,48,0.625,0.44785284614800036,-0.014361435358740734,0.01322675311647156,0.5233828593299215
Qwen/Qwen2.5-14B-Instruct,17,48,0.6458333333333334,0.46235250210477874,-0.014349054995836724,0.01322675311647156,0.5528178854544967
Qwen/Qwen2.5-14B-Instruct,16,48,0.6666666666666666,0.4409989438378996,-0.014349058250238196,0.01322675311647156,0.5293078473721973
Qwen/Qwen2.5-14B-Instruct,15,48,0.6875,0.4429496564569432,-0.01439930480794731,0.01322675311647156,0.5082462163654764
Qwen/Qwen2.5-14B-Instruct,14,48,0.7083333333333334,0.44334310638285557,-0.015287279835031012,0.01322675311647156,0.5078958863371577
Qwen/Qwen2.5-14B-Instruct,13,48,0.7291666666666666,0.4297926998566297,-0.01533898684219228,0.01322675311647156,0.4989992609465078
Qwen/Qwen2.5-14B-Instruct,12,48,0.75,0.4484552943037582,-0.015220709100162481,0.01322675311647156,0.5162284537020384
Qwen/Qwen2.5-14B-Instruct,11,48,0.7708333333333334,0.43875448919664684,-0.015068797514041306,0.01322675311647156,0.5096453807843372
Qwen/Qwen2.5-14B-Instruct,10,48,0.7916666666666666,0.4687480754481179,-0.014127309235184557,0.01322675311647156,0.5237116867203326
Qwen/Qwen2.5-14B-Instruct,9,48,0.8125,0.47981063284037806,-0.014172871891453352,0.01322675311647156,0.5148835527142467
Qwen/Qwen2.5-14B-Instruct,8,48,0.8333333333333334,0.472093829749056,-0.014178855925538367,0.01322675311647156,0.517016231311576
Qwen/Qwen2.5-14B-Instruct,7,48,0.8541666666666666,0.45924018018680646,-0.014200000801807458,0.01322675311647156,0.5080852781514291
Qwen/Qwen2.5-14B-Instruct,6,48,0.875,0.46583344232243795,-0.014254815235794499,0.01322675311647156,0.5462634728024056
Qwen/Qwen2.5-14B-Instruct,5,48,0.8958333333333334,0.4600591796145852,-0.01424902747811988,0.01322675311647156,0.534934576026418
Qwen/Qwen2.5-14B-Instruct,4,48,0.9166666666666666,0.4882853360900389,-0.01427349140736999,0.01322675311647156,0.5187829659562098
Qwen/Qwen2.5-14B-Instruct,3,48,0.9375,0.4718373942882601,-0.01429920974751451,0.01322675311647156,0.5061303670172896
Qwen/Qwen2.5-14B-Instruct,2,48,0.9583333333333334,0.4895845149360498,-0.01432140441360001,0.01322675311647156,0.5167555498352288
Qwen/Qwen2.5-14B-Instruct,1,48,0.9791666666666666,0.49538133582400656,-0.014287222232382537,0.01322675311647156,0.5332232592775761
Qwen/Qwen2.5-14B-Instruct,0,48,1.0,0.4908939903126216,-0.013727297103952133,0.01322675311647156,0.5500909558277924
Qwen/Qwen2.5-32B,63,64,0.015625,0.15350767131927934,-0.06359843523590988,0.059185475222429146,0.2403378605624933
Qwen/Qwen2.5-32B,62,64,0.03125,0.2231021412974291,-0.06355736880245558,0.059185475222429146,0.23498576772441482
Qwen/Qwen2.5-32B,61,64,0.046875,0.27233838392285925,-0.06341381317810628,0.059185475222429146,0.23390916131077544
Qwen/Qwen2.5-32B,60,64,0.0625,0.2747480201809064,-0.06293844401199815,0.059185475222429146,0.21528961755393772
Qwen/Qwen2.5-32B,59,64,0.078125,0.2912638753857988,-0.06097173760268501,0.059185475222429146,0.20298730039117996
Qwen/Qwen2.5-32B,58,64,0.09375,0.3731832524448633,-0.06063597740209861,0.059185475222429146,0.24961338612680295
Qwen/Qwen2.5-32B,57,64,0.109375,0.36158640111198637,-0.060637851564764894,0.059185475222429146,0.2724043950695887
Qwen/Qwen2.5-32B,56,64,0.125,0.37748263679465877,-0.06062191444825309,0.059185475222429146,0.27625694973771153
Qwen/Qwen2.5-32B,55,64,0.140625,0.3697516953963538,-0.0595328093012547,0.059185475222429146,0.2965710321491899
Qwen/Qwen2.5-32B,54,64,0.15625,0.381745611309955,-0.060759987333238015,0.059185475222429146,0.2801022609298286
Qwen/Qwen2.5-32B,53,64,0.171875,0.3991213777289808,-0.05890758017839578,0.059185475222429146,0.2737178772080411
Qwen/Qwen2.5-32B,52,64,0.1875,0.43405642828550994,-0.05882404979283406,0.059185475222429146,0.2816898079425375
Qwen/Qwen2.5-32B,51,64,0.203125,0.39632358464611295,-0.05882459327472627,0.059185475222429146,0.2712816619411319
Qwen/Qwen2.5-32B,50,64,0.21875,0.36883278163315003,-0.06470362842311952,0.059185475222429146,0.2750403913806062
Qwen/Qwen2.5-32B,49,64,0.234375,0.3904361257582787,-0.05889194033560358,0.059185475222429146,0.2663509747512264
Qwen/Qwen2.5-32B,48,64,0.25,0.43426370941536363,-0.0618560010817484,0.059185475222429146,0.2591414036619665
Qwen/Qwen2.5-32B,47,64,0.265625,0.3950211487879033,-0.06190886639137926,0.059185475222429146,0.23604631783486774
Qwen/Qwen2.5-32B,46,64,0.28125,0.40462019420417816,-0.05888007455832652,0.059185475222429146,0.26269911589754846
Qwen/Qwen2.5-32B,45,64,0.296875,0.419334175748994,-0.059006218314733995,0.059185475222429146,0.273855369239988
Qwen/Qwen2.5-32B,44,64,0.3125,0.411528522770109,-0.061977565866346916,0.059185475222429146,0.27542700313995416
Qwen/Qwen2.5-32B,43,64,0.328125,0.41834090420158077,-0.060295303227894434,0.059185475222429146,0.2834322246586203
Qwen/Qwen2.5-32B,42,64,0.34375,0.42039247726120144,-0.06209912877573006,0.059185475222429146,0.2959375152426872
Qwen/Qwen2.5-32B,41,64,0.359375,0.44857810259523123,-0.05932839190053351,0.059185475222429146,0.3060713917423883
Qwen/Qwen2.5-32B,40,64,0.375,0.4868750021976448,-0.05883195053817651,0.059185475222429146,0.32641801570356577
Qwen/Qwen2.5-32B,39,64,0.390625,0.5006608310944582,-0.05882063144001893,0.059185475222429146,0.32286895582658137
Qwen/Qwen2.5-32B,38,64,0.40625,0.4815416969373274,-0.0588205270604256,0.059185475222429146,0.3258005235325603
Qwen/Qwen2.5-32B,37,64,0.421875,0.48283949087777933,-0.05882048068013018,0.059185475222429146,0.3302102409758916
Qwen/Qwen2.5-32B,36,64,0.4375,0.4640309296236915,-0.05882082195387897,0.059185475222429146,0.32992920914076673
Qwen/Qwen2.5-32B,35,64,0.453125,0.46802761842760476,-0.05928139897452154,0.059185475222429146,0.324529483568366
Qwen/Qwen2.5-32B,34,64,0.46875,0.475879188805011,-0.05882059622628456,0.059185475222429146,0.32315958413947954
Qwen/Qwen2.5-32B,33,64,0.484375,0.4960889178146549,-0.05882049260397914,0.059185475222429146,0.32892523245755134
Qwen/Qwen2.5-32B,32,64,0.5,0.4985095245394807,-0.058820574365140744,0.059185475222429146,0.33297981113996866
Qwen/Qwen2.5-32B,31,64,0.515625,0.4729060526390093,-0.06196016343545121,0.059185475222429146,0.3426234485930111
Qwen/Qwen2.5-32B,30,64,0.53125,0.4683256176630375,-0.062069941950253366,0.059185475222429146,0.3418828013767342
Qwen/Qwen2.5-32B,29,64,0.546875,0.4769899349613185,-0.06212189800416162,0.059185475222429146,0.3526166777101646
Qwen/Qwen2.5-32B,28,64,0.5625,0.48027128228404503,-0.062094740996860305,0.059185475222429146,0.3737845030129573
Qwen/Qwen2.5-32B,27,64,0.578125,0.468210693414465,-0.06545381399223092,0.059185475222429146,0.3901943516678854
Qwen/Qwen2.5-32B,26,64,0.59375,0.49682621118288506,-0.06199915904183774,0.059185475222429146,0.4281227067574941
Qwen/Qwen2.5-32B,25,64,0.609375,0.49885825917075943,-0.06195036965765355,0.059185475222429146,0.41388051930665726
Qwen/Qwen2.5-32B,24,64,0.625,0.5050863884833241,-0.062081423321480665,0.059185475222429146,0.3988582070656056
Qwen/Qwen2.5-32B,23,64,0.640625,0.5028832346494669,-0.06206254145498976,0.059185475222429146,0.40237259200190845
Qwen/Qwen2.5-32B,22,64,0.65625,0.486992369343606,-0.06208936919676017,0.059185475222429146,0.391209850305026
Qwen/Qwen2.5-32B,21,64,0.671875,0.4965390894596764,-0.06539544543613598,0.059185475222429146,0.4212203915152001
Qwen/Qwen2.5-32B,20,64,0.6875,0.5098637443878989,-0.061808259361557844,0.059185475222429146,0.44715943656565693
Qwen/Qwen2.5-32B,19,64,0.703125,0.5024117477369991,-0.061917729383251796,0.059185475222429146,0.4373353791280624
Qwen/Qwen2.5-32B,18,64,0.71875,0.4984282399600981,-0.06545920703533357,0.059185475222429146,0.3903323752317538
Qwen/Qwen2.5-32B,17,64,0.734375,0.48744674531636045,-0.06548672691717496,0.059185475222429146,0.3926704761686882
Qwen/Qwen2.5-32B,16,64,0.75,0.47481763564982216,-0.06546774576853726,0.059185475222429146,0.3710495535344437
Qwen/Qwen2.5-32B,15,64,0.765625,0.47999204406330287,-0.06548561485409819,0.059185475222429146,0.36055314976102437
Qwen/Qwen2.5-32B,14,64,0.78125,0.48295999946085144,-0.06567498083586579,0.059185475222429146,0.36697925055459835
Qwen/Qwen2.5-32B,13,64,0.796875,0.47250907005090037,-0.06572741802480361,0.059185475222429146,0.3702944854181295
Qwen/Qwen2.5-32B,12,64,0.8125,0.5134949680967844,-0.06559720304805278,0.059185475222429146,0.35444653886432964
Qwen/Qwen2.5-32B,11,64,0.828125,0.5086304258469416,-0.06555661950461748,0.059185475222429146,0.3646023207957292
Qwen/Qwen2.5-32B,10,64,0.84375,0.5020418612358875,-0.06600166005911355,0.059185475222429146,0.3714454849035347
Qwen/Qwen2.5-32B,9,64,0.859375,0.507431994728263,-0.06601017654555377,0.059185475222429146,0.3785636996969812
Qwen/Qwen2.5-32B,8,64,0.875,0.5227985214878247,-0.06588070640713266,0.059185475222429146,0.37866917030031
Qwen/Qwen2.5-32B,7,64,0.890625,0.5117034849097946,-0.0659516382918692,0.059185475222429146,0.37549478451054985
Qwen/Qwen2.5-32B,6,64,0.90625,0.4918411970340445,-0.06591591420261791,0.059185475222429146,0.390643226153206
Qwen/Qwen2.5-32B,5,64,0.921875,0.49018655592927607,-0.06602635014406359,0.059185475222429146,0.37763901302810043
Qwen/Qwen2.5-32B,4,64,0.9375,0.5037511503402359,-0.0659452982600621,0.059185475222429146,0.3908957876958702
Qwen/Qwen2.5-32B,3,64,0.953125,0.5081750556705023,-0.06627173999268679,0.059185475222429146,0.38853047800755347
Qwen/Qwen2.5-32B,2,64,0.96875,0.5158674107575725,-0.06613666691824685,0.059185475222429146,0.4068151168738512
Qwen/Qwen2.5-32B,1,64,0.984375,0.5283741583823864,-0.06618416762549642,0.059185475222429146,0.4049947544090139
Qwen/Qwen2.5-32B,0,64,1.0,0.5221025491446497,-0.06629625908686054,0.059185475222429146,0.3882578391670367
Qwen/Qwen2.5-32B-Instruct,63,64,0.015625,0.24920712903099207,-0.015971389428809216,0.014201084628510031,0.2527259802931069
Qwen/Qwen2.5-32B-Instruct,62,64,0.03125,0.2983556022181517,-0.016477366132242526,0.014201084628510031,0.2621755081383502
Qwen/Qwen2.5-32B-Instruct,61,64,0.046875,0.30508988910453416,-0.016569756994194412,0.014201084628510031,0.2383279147182733
Qwen/Qwen2.5-32B-Instruct,60,64,0.0625,0.34600095028031486,-0.01682309068244494,0.014201084628510031,0.21099547877026548
Qwen/Qwen2.5-32B-Instruct,59,64,0.078125,0.34352057270989345,-0.01704955830958712,0.014201084628510031,0.19442028550395885
Qwen/Qwen2.5-32B-Instruct,58,64,0.09375,0.3609558277297116,-0.016587592386971963,0.014201084628510031,0.18234997878676273
Qwen/Qwen2.5-32B-Instruct,57,64,0.109375,0.3724345876379509,-0.016582071484756735,0.014201084628510031,0.22434890517064854
Qwen/Qwen2.5-32B-Instruct,56,64,0.125,0.40071333271616427,-0.01638529236769005,0.014201084628510031,0.24325342919414228
Qwen/Qwen2.5-32B-Instruct,55,64,0.140625,0.4421542622679394,-0.01636839493666356,0.014201084628510031,0.29358118750313356
Qwen/Qwen2.5-32B-Instruct,54,64,0.15625,0.4412445729816512,-0.016480286320324562,0.014201084628510031,0.30236796519238207
Qwen/Qwen2.5-32B-Instruct,53,64,0.171875,0.4210029200157198,-0.016608192230260922,0.014201084628510031,0.32365931232087486
Qwen/Qwen2.5-32B-Instruct,52,64,0.1875,0.3911379797066846,-0.016577706119460665,0.014201084628510031,0.3056913104335195
Qwen/Qwen2.5-32B-Instruct,51,64,0.203125,0.38815976015105746,-0.01655890125041632,0.014201084628510031,0.2545604841426846
Qwen/Qwen2.5-32B-Instruct,50,64,0.21875,0.3828642518436587,-0.015542412912664042,0.014201084628510031,0.23875888711657867
Qwen/Qwen2.5-32B-Instruct,49,64,0.234375,0.3545232631882257,-0.01654370724498666,0.014201084628510031,0.23979981641021053
Qwen/Qwen2.5-32B-Instruct,48,64,0.25,0.37119971350904135,-0.016474062762055618,0.014201084628510031,0.22874836822254807
Qwen/Qwen2.5-32B-Instruct,47,64,0.265625,0.38649983102185104,-0.016282946242451402,0.014201084628510031,0.24648497338419073
Qwen/Qwen2.5-32B-Instruct,46,64,0.28125,0.36902610246502077,-0.016285037009245128,0.014201084628510031,0.25014317839162925
Qwen/Qwen2.5-32B-Instruct,45,64,0.296875,0.37955087725609704,-0.016136286915806812,0.014201084628510031,0.26375091311692367
Qwen/Qwen2.5-32B-Instruct,44,64,0.3125,0.3835586734276366,-0.016187334924241153,0.014201084628510031,0.2688714615525212
Qwen/Qwen2.5-32B-Instruct,43,64,0.328125,0.4040936488038862,-0.016166286624519962,0.014201084628510031,0.2785620217886058
Qwen/Qwen2.5-32B-Instruct,42,64,0.34375,0.4569533151776005,-0.01599518983231396,0.014201084628510031,0.2806070232677086
Qwen/Qwen2.5-32B-Instruct,41,64,0.359375,0.46651122565128633,-0.015794843012286376,0.014201084628510031,0.2961384202466527
Qwen/Qwen2.5-32B-Instruct,40,64,0.375,0.4818002010817387,-0.015739543782154825,0.014201084628510031,0.3087630025892407
Qwen/Qwen2.5-32B-Instruct,39,64,0.390625,0.5080323092621157,-0.01576602401862043,0.014201084628510031,0.3274449652565621
Qwen/Qwen2.5-32B-Instruct,38,64,0.40625,0.477062715438781,-0.015836061237610083,0.014201084628510031,0.3202207425766389
Qwen/Qwen2.5-32B-Instruct,37,64,0.421875,0.4857519541367762,-0.015745773607480116,0.014201084628510031,0.3266422303858252
Qwen/Qwen2.5-32B-Instruct,36,64,0.4375,0.4764533867006716,-0.01566609600101679,0.014201084628510031,0.3355255139118861
Qwen/Qwen2.5-32B-Instruct,35,64,0.453125,0.49121315096096774,-0.015516165521097282,0.014201084628510031,0.37659740415072884
Qwen/Qwen2.5-32B-Instruct,34,64,0.46875,0.48956469454636253,-0.016353601987755234,0.014201084628510031,0.37575829520274384
Qwen/Qwen2.5-32B-Instruct,33,64,0.484375,0.5046332519013692,-0.01621048717001723,0.014201084628510031,0.4047575598598895
Qwen/Qwen2.5-32B-Instruct,32,64,0.5,0.5100439171459148,-0.016153393308289663,0.014201084628510031,0.3874369064086154
Qwen/Qwen2.5-32B-Instruct,31,64,0.515625,0.5279039108400574,-0.016117675982840977,0.014201084628510031,0.39317851389789993
Qwen/Qwen2.5-32B-Instruct,30,64,0.53125,0.5266081272624822,-0.01609401355123689,0.014201084628510031,0.42302600893500053
Qwen/Qwen2.5-32B-Instruct,29,64,0.546875,0.5299671587610084,-0.016028264672030206,0.014201084628510031,0.3855893827030157
Qwen/Qwen2.5-32B-Instruct,28,64,0.5625,0.5320668511800984,-0.01598274342540426,0.014201084628510031,0.40720785437111895
Qwen/Qwen2.5-32B-Instruct,27,64,0.578125,0.5344985530611406,-0.015748706366613446,0.014201084628510031,0.4260130180234577
Qwen/Qwen2.5-32B-Instruct,26,64,0.59375,0.5336198611124755,-0.01578783611756145,0.014201084628510031,0.41354548927817236
Qwen/Qwen2.5-32B-Instruct,25,64,0.609375,0.5389505423315015,-0.01567581673398888,0.014201084628510031,0.4394688087425769
Qwen/Qwen2.5-32B-Instruct,24,64,0.625,0.5494769361130125,-0.015595986794322022,0.014201084628510031,0.47145037896518915
Qwen/Qwen2.5-32B-Instruct,23,64,0.640625,0.5538990298489265,-0.015559561931856102,0.014201084628510031,0.4770890134420189
Qwen/Qwen2.5-32B-Instruct,22,64,0.65625,0.5609655895355397,-0.01551799960376141,0.014201084628510031,0.4827565104084818
Qwen/Qwen2.5-32B-Instruct,21,64,0.671875,0.5571505535162238,-0.015436334361000573,0.014201084628510031,0.47330717517715837
Qwen/Qwen2.5-32B-Instruct,20,64,0.6875,0.551129054049069,-0.01534275613840287,0.014201084628510031,0.5237958791277045
Qwen/Qwen2.5-32B-Instruct,19,64,0.703125,0.5477844048949985,-0.015159570439260025,0.014201084628510031,0.5115813713197492
Qwen/Qwen2.5-32B-Instruct,18,64,0.71875,0.5410021403428182,-0.015245928589804067,0.014201084628510031,0.48601467716754676
Qwen/Qwen2.5-32B-Instruct,17,64,0.734375,0.5394603545638041,-0.015273582388943736,0.014201084628510031,0.517433795035581
Qwen/Qwen2.5-32B-Instruct,16,64,0.75,0.5498587637090604,-0.015327487462971252,0.014201084628510031,0.4988939616259509
Qwen/Qwen2.5-32B-Instruct,15,64,0.765625,0.5683374699573162,-0.01534367820329861,0.014201084628510031,0.4761418331455819
Qwen/Qwen2.5-32B-Instruct,14,64,0.78125,0.546818349755069,-0.0154886321676863,0.014201084628510031,0.4820230523720064
Qwen/Qwen2.5-32B-Instruct,13,64,0.796875,0.5536354036195505,-0.014923484403073808,0.014201084628510031,0.46632042162620313
Qwen/Qwen2.5-32B-Instruct,12,64,0.8125,0.5506036831223813,-0.01494136425810431,0.014201084628510031,0.4645661490482764
Qwen/Qwen2.5-32B-Instruct,11,64,0.828125,0.5371068314250012,-0.014901141193469723,0.014201084628510031,0.46527389403960384
Qwen/Qwen2.5-32B-Instruct,10,64,0.84375,0.5509041797150953,-0.014923476492521914,0.014201084628510031,0.47599528250952894
Qwen/Qwen2.5-32B-Instruct,9,64,0.859375,0.5618733180291131,-0.014969904243992757,0.014201084628510031,0.4689008879455865
Qwen/Qwen2.5-32B-Instruct,8,64,0.875,0.5841440680859227,-0.014297512706831196,0.014201084628510031,0.4827508294178863
Qwen/Qwen2.5-32B-Instruct,7,64,0.890625,0.5908954121655716,-0.014484455456903557,0.014201084628510031,0.478722032192369
Qwen/Qwen2.5-32B-Instruct,6,64,0.90625,0.5799199167079943,-0.014479349109480039,0.014201084628510031,0.4721966040546919
Qwen/Qwen2.5-32B-Instruct,5,64,0.921875,0.5735559656242715,-0.014212025653181188,0.014201084628510031,0.4758692705503662
Qwen/Qwen2.5-32B-Instruct,4,64,0.9375,0.590888375435466,-0.014278443395595447,0.014201084628510031,0.48241535510098643
Qwen/Qwen2.5-32B-Instruct,3,64,0.953125,0.5822225304932509,-0.01445448703366631,0.014201084628510031,0.4780826612183947
Qwen/Qwen2.5-32B-Instruct,2,64,0.96875,0.5775509578589484,-0.014273166875383879,0.014201084628510031,0.48052808665451785
Qwen/Qwen2.5-32B-Instruct,1,64,0.984375,0.5647327066998483,-0.01446117404820209,0.014201084628510031,0.4843360041521453
Qwen/Qwen2.5-32B-Instruct,0,64,1.0,0.5495439833550296,-0.01445510540584121,0.014201084628510031,0.48555995004500996
Qwen/Qwen3-0.6B,27,28,0.03571428571428571,0.3282710156523785,-0.026362651115260583,0.02765941150996063,-0.02618553548569702
Qwen/Qwen3-0.6B,26,28,0.07142857142857142,0.37946418660466685,-0.027923895914395588,0.02765941150996063,-0.1152182548006373
Qwen/Qwen3-0.6B,25,28,0.10714285714285714,0.41486269437842815,-0.02899891437669388,0.02765941150996063,0.09603938847195981
Qwen/Qwen3-0.6B,24,28,0.14285714285714285,0.44128016231390943,-0.030909868416600973,0.02765941150996063,0.25325110859603195
Qwen/Qwen3-0.6B,23,28,0.17857142857142858,0.41593522055355847,-0.03131634148581666,0.02765941150996063,0.28235906742305905
Qwen/Qwen3-0.6B,22,28,0.21428571428571427,0.410161735188768,-0.03106199901568849,0.02765941150996063,0.2689552783414927
Qwen/Qwen3-0.6B,21,28,0.25,0.37262340299382046,-0.03133017870718459,0.02765941150996063,0.24718919866679745
Qwen/Qwen3-0.6B,20,28,0.2857142857142857,0.4143583155887405,-0.03080443462542939,0.02765941150996063,0.25113911353106144
Qwen/Qwen3-0.6B,19,28,0.32142857142857145,0.471805459198983,-0.03066241537824976,0.02765941150996063,0.3194471597158359
Qwen/Qwen3-0.6B,18,28,0.35714285714285715,0.5458028371709909,-0.03128740706190159,0.02765941150996063,0.33781671554821635
Qwen/Qwen3-0.6B,17,28,0.39285714285714285,0.4999486327791701,-0.031092591452698964,0.02765941150996063,0.2776705389463836
Qwen/Qwen3-0.6B,16,28,0.42857142857142855,0.5221462344768939,-0.031665440947560394,0.02765941150996063,0.27109408078825714
Qwen/Qwen3-0.6B,15,28,0.4642857142857143,0.5063819265792486,-0.031664769271063264,0.02765941150996063,0.26346820075512556
Qwen/Qwen3-0.6B,14,28,0.5,0.5376595687695442,-0.03148494325173427,0.02765941150996063,0.2929176861529025
Qwen/Qwen3-0.6B,13,28,0.5357142857142857,0.5198761167223604,-0.03165068013205151,0.02765941150996063,0.2919502942185117
Qwen/Qwen3-0.6B,12,28,0.5714285714285714,0.5025538892648835,-0.03145737316550475,0.02765941150996063,0.32579647917719035
Qwen/Qwen3-0.6B,11,28,0.6071428571428571,0.5341280350228712,-0.03164543766433769,0.02765941150996063,0.34442803788024
Qwen/Qwen3-0.6B,10,28,0.6428571428571429,0.5193694668218836,-0.031314447656901695,0.02765941150996063,0.34400203302741494
Qwen/Qwen3-0.6B,9,28,0.6785714285714286,0.49069334174697155,-0.03138670516683856,0.02765941150996063,0.3652433024450652
Qwen/Qwen3-0.6B,8,28,0.7142857142857143,0.4757100945956554,-0.03143657256951388,0.02765941150996063,0.35038357619810556
Qwen/Qwen3-0.6B,7,28,0.75,0.49473918225687075,-0.031003785168032587,0.02765941150996063,0.33759053838820363
Qwen/Qwen3-0.6B,6,28,0.7857142857142857,0.47815004785359894,-0.03098147238305595,0.02765941150996063,0.3494529453622459
Qwen/Qwen3-0.6B,5,28,0.8214285714285714,0.4687022821331954,-0.031070315694208983,0.02765941150996063,0.324235581963071
Qwen/Qwen3-0.6B,4,28,0.8571428571428571,0.4730103607008871,-0.03050433297757036,0.02765941150996063,0.3372123015353512
Qwen/Qwen3-0.6B,3,28,0.8928571428571429,0.48307858620442923,-0.030712718031703414,0.02765941150996063,0.3390698738454494
Qwen/Qwen3-0.6B,2,28,0.9285714285714286,0.47336979447915994,-0.030680494730363272,0.02765941150996063,0.30697388087742983
Qwen/Qwen3-0.6B,1,28,0.9642857142857143,0.46143920788780235,-0.030563666693156785,0.02765941150996063,0.32081129386655904
Qwen/Qwen3-0.6B,0,28,1.0,0.4583005967658883,-0.030447774995884583,0.02765941150996063,0.33286480486466763
Qwen/Qwen3-8B,35,36,0.027777777777777776,0.37483332894216437,-0.005099107088228949,0.004629331534338137,0.1841940615264881
Qwen/Qwen3-8B,34,36,0.05555555555555555,0.4898927626407703,-0.005470023809409597,0.004629331534338137,0.24554973412737602
Qwen/Qwen3-8B,33,36,0.08333333333333333,0.518743214489219,-0.005379919275859563,0.004629331534338137,0.31764005008673213
Qwen/Qwen3-8B,32,36,0.1111111111111111,0.5548806343090185,-0.0056899879118561935,0.004629331534338137,0.32405714487829007
Qwen/Qwen3-8B,31,36,0.1388888888888889,0.5686328985356779,-0.005497643816460688,0.004629331534338137,0.3040961599770182
Qwen/Qwen3-8B,30,36,0.16666666666666666,0.556587967991261,-0.005575475876201961,0.004629331534338137,0.3192217059875341
Qwen/Qwen3-8B,29,36,0.19444444444444445,0.4953503541467713,-0.0054374955498837875,0.004629331534338137,0.345662777230736
Qwen/Qwen3-8B,28,36,0.2222222222222222,0.4757665178612309,-0.005321437597109412,0.004629331534338137,0.32768289949102203
Qwen/Qwen3-8B,27,36,0.25,0.5318940269170791,-0.0052140699977401995,0.004629331534338137,0.3410796848327142
Qwen/Qwen3-8B,26,36,0.2777777777777778,0.568051646588273,-0.005614298283782864,0.004629331534338137,0.35519562961576967
Qwen/Qwen3-8B,25,36,0.3055555555555556,0.5606712450314482,-0.005657481361795583,0.004629331534338137,0.34797456634664925
Qwen/Qwen3-8B,24,36,0.3333333333333333,0.5716119498614504,-0.005847467494623131,0.004629331534338137,0.35047808098872546
Qwen/Qwen3-8B,23,36,0.3611111111111111,0.5574366903872857,-0.00572506879712479,0.004629331534338137,0.36874791829086007
Qwen/Qwen3-8B,22,36,0.3888888888888889,0.5643718647057214,-0.005715884871268034,0.004629331534338137,0.36767451296468145
Qwen/Qwen3-8B,21,36,0.4166666666666667,0.5760462380872734,-0.005468941233460563,0.004629331534338137,0.3863136261207276
Qwen/Qwen3-8B,20,36,0.4444444444444444,0.5992047667170215,-0.0052768340647210525,0.004629331534338137,0.3692833006488836
Qwen/Qwen3-8B,19,36,0.4722222222222222,0.601560690634537,-0.005364039383012985,0.004629331534338137,0.3692875359765653
Qwen/Qwen3-8B,18,36,0.5,0.597199419507275,-0.004980096792706458,0.004629331534338137,0.3891013661115633
Qwen/Qwen3-8B,17,36,0.5277777777777778,0.6006927097205534,-0.005301461580820611,0.004629331534338137,0.4108825803340035
Qwen/Qwen3-8B,16,36,0.5555555555555556,0.6036531651389623,-0.0050211741691009336,0.004629331534338137,0.4165596690461909
Qwen/Qwen3-8B,15,36,0.5833333333333334,0.5814486031778137,-0.0054854180576090865,0.004629331534338137,0.41024191223516393
Qwen/Qwen3-8B,14,36,0.6111111111111112,0.5731001738517597,-0.005562711513586288,0.004629331534338137,0.41188283909226786
Qwen/Qwen3-8B,13,36,0.6388888888888888,0.5855140763636351,-0.0057373538204616185,0.004629331534338137,0.43449398569895636
Qwen/Qwen3-8B,12,36,0.6666666666666666,0.5846843571694387,-0.005724561404097044,0.004629331534338137,0.39556043736957425
Qwen/Qwen3-8B,11,36,0.6944444444444444,0.5714114070251654,-0.005806903455674488,0.004629331534338137,0.3879071937640266
Qwen/Qwen3-8B,10,36,0.7222222222222222,0.5969997820089261,-0.005261295274270624,0.004629331534338137,0.4500740752644623
Qwen/Qwen3-8B,9,36,0.75,0.591901922386203,-0.005332361073933793,0.004629331534338137,0.440744171290154
Qwen/Qwen3-8B,8,36,0.7777777777777778,0.5871287217100813,-0.005349596942927498,0.004629331534338137,0.42660834758465815
Qwen/Qwen3-8B,7,36,0.8055555555555556,0.5848488405840004,-0.005271322501767419,0.004629331534338137,0.45894228643624424
Qwen/Qwen3-8B,6,36,0.8333333333333334,0.5848081474870278,-0.005268745629884877,0.004629331534338137,0.4389353864433996
Qwen/Qwen3-8B,5,36,0.8611111111111112,0.5776144746744731,-0.005218568277807973,0.004629331534338137,0.46220726638635734
Qwen/Qwen3-8B,4,36,0.8888888888888888,0.5789975740855471,-0.005220353256627445,0.004629331534338137,0.46236274363549534
Qwen/Qwen3-8B,3,36,0.9166666666666666,0.5797527933193327,-0.0052516774546457635,0.004629331534338137,0.4766302831933874
Qwen/Qwen3-8B,2,36,0.9444444444444444,0.5754782001936355,-0.005249553557292665,0.004629331534338137,0.473202372645787
Qwen/Qwen3-8B,1,36,0.9722222222222222,0.5854604220300821,-0.005192042864226891,0.004629331534338137,0.49633461580072513
Qwen/Qwen3-8B,0,36,1.0,0.5847292814995593,-0.005317569280389367,0.004629331534338137,0.50900122835644
THUDM/glm-4-9b-chat,39,40,0.025,0.4187406242404137,-0.08749954855623102,0.07896229083443178,-0.07426700470390757
THUDM/glm-4-9b-chat,38,40,0.05,0.40508215154252825,-0.08581212124194296,0.07896229083443178,0.011900178834420072
THUDM/glm-4-9b-chat,37,40,0.075,0.4147333689468504,-0.08365661813325823,0.07896229083443178,0.03542558404696727
THUDM/glm-4-9b-chat,36,40,0.1,0.4067376739998575,-0.0839148688882548,0.07896229083443178,0.051465609086242536
THUDM/glm-4-9b-chat,35,40,0.125,0.36978670906604205,-0.08330701120547795,0.07896229083443178,0.07539181556772123
THUDM/glm-4-9b-chat,34,40,0.15,0.4327881323099476,-0.08206415525487991,0.07896229083443178,0.06147369596226282
THUDM/glm-4-9b-chat,33,40,0.175,0.42639477686259375,-0.08340038884464461,0.07896229083443178,0.0650648672241042
THUDM/glm-4-9b-chat,32,40,0.2,0.44495580526505685,-0.08314160859099518,0.07896229083443178,0.07205754770281003
THUDM/glm-4-9b-chat,31,40,0.225,0.4209730066828209,-0.08343046974040197,0.07896229083443178,0.08518576030210767
THUDM/glm-4-9b-chat,30,40,0.25,0.46427576888821187,-0.0831498019587599,0.07896229083443178,0.11575541669293388
THUDM/glm-4-9b-chat,29,40,0.275,0.5313512277538517,-0.08231973083025489,0.07896229083443178,0.08933354322307052
THUDM/glm-4-9b-chat,28,40,0.3,0.5451443506451596,-0.081928298340512,0.07896229083443178,0.09300837100812442
THUDM/glm-4-9b-chat,27,40,0.325,0.6050994955768545,-0.07975047531089301,0.07896229083443178,0.057801951705561794
THUDM/glm-4-9b-chat,26,40,0.35,0.5856026655375525,-0.08167903748519292,0.07896229083443178,0.06546134306126106
THUDM/glm-4-9b-chat,25,40,0.375,0.5940776794192382,-0.08169722565961923,0.07896229083443178,0.06242001568488742
THUDM/glm-4-9b-chat,24,40,0.4,0.5722400423080578,-0.08212483576083847,0.07896229083443178,0.04501940918958469
THUDM/glm-4-9b-chat,23,40,0.425,0.5935846190840959,-0.07989702380701273,0.07896229083443178,0.04952908809217216
THUDM/glm-4-9b-chat,22,40,0.45,0.5864630493502867,-0.08266103390234017,0.07896229083443178,0.026889078379470077
THUDM/glm-4-9b-chat,21,40,0.475,0.6220632563194661,-0.08267984231596044,0.07896229083443178,0.008166907974572979
THUDM/glm-4-9b-chat,20,40,0.5,0.611767412380008,-0.08300013661294872,0.07896229083443178,-0.04931455369029547
THUDM/glm-4-9b-chat,19,40,0.525,0.6109836087173539,-0.08310903591489358,0.07896229083443178,-0.053469817452110435
THUDM/glm-4-9b-chat,18,40,0.55,0.6072906254385035,-0.08284871055601714,0.07896229083443178,-0.058037351651036184
THUDM/glm-4-9b-chat,17,40,0.575,0.6014850969971892,-0.08255811518742817,0.07896229083443178,0.0032259332312889466
THUDM/glm-4-9b-chat,16,40,0.6,0.6141907485697364,-0.08025177715210446,0.07896229083443178,-0.001686395220017456
THUDM/glm-4-9b-chat,15,40,0.625,0.6009314257219005,-0.08059494002489669,0.07896229083443178,-0.03108999786377753
THUDM/glm-4-9b-chat,14,40,0.65,0.5951793017018081,-0.08288443314865478,0.07896229083443178,-0.02613691337262014
THUDM/glm-4-9b-chat,13,40,0.675,0.576600690967808,-0.08343072485530802,0.07896229083443178,-0.014292747180790322
THUDM/glm-4-9b-chat,12,40,0.7,0.5315328541301022,-0.08075093601215544,0.07896229083443178,-0.006654094770329078
THUDM/glm-4-9b-chat,11,40,0.725,0.5020889076972805,-0.0833264408099372,0.07896229083443178,-0.0007702596052214794
THUDM/glm-4-9b-chat,10,40,0.75,0.48027461825976026,-0.08347672176446505,0.07896229083443178,-0.03112918908123441
THUDM/glm-4-9b-chat,9,40,0.775,0.48175781006935703,-0.08355378495578204,0.07896229083443178,-0.0055488686287097355
THUDM/glm-4-9b-chat,8,40,0.8,0.4608887341293798,-0.083223769498789,0.07896229083443178,-0.06963606757442031
THUDM/glm-4-9b-chat,7,40,0.825,0.45557587601736727,-0.08342271950716217,0.07896229083443178,-0.02833414861225414
THUDM/glm-4-9b-chat,6,40,0.85,0.4540859017140808,-0.08307592979710593,0.07896229083443178,-0.03425569675139806
THUDM/glm-4-9b-chat,5,40,0.875,0.4436174295024762,-0.08341383262586402,0.07896229083443178,-0.02342134522015593
THUDM/glm-4-9b-chat,4,40,0.9,0.4291337338226836,-0.08341880389437033,0.07896229083443178,-0.029399831513453822
THUDM/glm-4-9b-chat,3,40,0.925,0.44938671980864475,-0.0829920347671762,0.07896229083443178,-0.02995173900113368
THUDM/glm-4-9b-chat,2,40,0.95,0.454305986386183,-0.08371416100235113,0.07896229083443178,-0.030569885138596042
THUDM/glm-4-9b-chat,1,40,0.975,0.4350177337771214,-0.08332952846961246,0.07896229083443178,-0.018526130384528994
THUDM/glm-4-9b-chat,0,40,1.0,0.4204548074488118,-0.08310082960541067,0.07896229083443178,-0.008505270887450234
allenai/OLMo-2-1124-7B,31,32,0.03125,-0.003545041014161532,-0.013264281702697755,0.02562510213898574,0.14821601713203525
allenai/OLMo-2-1124-7B,30,32,0.0625,0.013709410059518201,-0.013171032490202236,0.02562510213898574,0.203071045259405
allenai/OLMo-2-1124-7B,29,32,0.09375,0.015705995635230674,-0.013061581715035589,0.02562510213898574,0.23794216351389053
allenai/OLMo-2-1124-7B,28,32,0.125,-0.005204843658875413,-0.0129738456231713,0.02562510213898574,0.19166075169045393
allenai/OLMo-2-1124-7B,27,32,0.15625,0.020604065908049085,-0.012060421870527149,0.02562510213898574,0.28384112780862125
allenai/OLMo-2-1124-7B,26,32,0.1875,0.015135840409131518,-0.011996122056937761,0.02562510213898574,0.270252638485285
allenai/OLMo-2-1124-7B,25,32,0.21875,0.02904812800681955,-0.012109864236271577,0.02562510213898574,0.2637943727586508
allenai/OLMo-2-1124-7B,24,32,0.25,0.01921627232238987,-0.01217742707090125,0.02562510213898574,0.31968021577065897
allenai/OLMo-2-1124-7B,23,32,0.28125,0.013974257462175177,-0.010249055869581128,0.02562510213898574,0.31751382498743386
allenai/OLMo-2-1124-7B,22,32,0.3125,0.005546516807079072,-0.007553521415057233,0.02562510213898574,0.3050191263023462
allenai/OLMo-2-1124-7B,21,32,0.34375,0.011079895364993098,-0.006976599208988837,0.02562510213898574,0.32523930222163544
allenai/OLMo-2-1124-7B,20,32,0.375,0.0035873596860850343,-0.017547961955958813,0.02562510213898574,0.3312431735571866
allenai/OLMo-2-1124-7B,19,32,0.40625,0.004785132333082531,-0.01793836527335671,0.02562510213898574,0.33912209078569167
allenai/OLMo-2-1124-7B,18,32,0.4375,-0.011746463005845698,-0.018256967597301388,0.02562510213898574,0.35154848032140784
allenai/OLMo-2-1124-7B,17,32,0.46875,-0.014309791384651271,-0.00709777768459572,0.02562510213898574,0.3618832551251462
allenai/OLMo-2-1124-7B,16,32,0.5,-0.023829267334886772,-0.02103547735851203,0.02562510213898574,0.3710222418304966
allenai/OLMo-2-1124-7B,15,32,0.53125,-0.020959458559893784,-0.020333911133931747,0.02562510213898574,0.3495526372243706
allenai/OLMo-2-1124-7B,14,32,0.5625,-0.038819158987912994,-0.018988511590232297,0.02562510213898574,0.3410437617442589
allenai/OLMo-2-1124-7B,13,32,0.59375,-0.05432229941420896,-0.018867813444964947,0.02562510213898574,0.34125985072301246
allenai/OLMo-2-1124-7B,12,32,0.625,-0.043700902277503895,-0.021651444396434488,0.02562510213898574,0.3249496832462523
allenai/OLMo-2-1124-7B,11,32,0.65625,-0.029364324162460598,-0.023732547815750946,0.02562510213898574,0.3397890091838427
allenai/OLMo-2-1124-7B,10,32,0.6875,-0.0353940006544371,-0.020925097978300864,0.02562510213898574,0.34640665004068316
allenai/OLMo-2-1124-7B,9,32,0.71875,-0.04815545308806657,-0.010022408945047415,0.02562510213898574,0.342815522140389
allenai/OLMo-2-1124-7B,8,32,0.75,-0.03166079611271666,-0.00949911508222311,0.02562510213898574,0.33100638479339317
allenai/OLMo-2-1124-7B,7,32,0.78125,-0.03012171225651228,-0.01966175076893629,0.02562510213898574,0.33772610404734593
allenai/OLMo-2-1124-7B,6,32,0.8125,-0.033492762389366604,-0.01997485112478544,0.02562510213898574,0.34051256154770493
allenai/OLMo-2-1124-7B,5,32,0.84375,-0.011179925381096911,-0.021260182685654317,0.02562510213898574,0.3639549417942577
allenai/OLMo-2-1124-7B,4,32,0.875,-0.028731757602213248,-0.012397671240033341,0.02562510213898574,0.3652503538957794
allenai/OLMo-2-1124-7B,3,32,0.90625,-0.014227359090825065,-0.010931836855244632,0.02562510213898574,0.36357117821881735
allenai/OLMo-2-1124-7B,2,32,0.9375,0.005223072083240798,-0.021574442572348244,0.02562510213898574,0.37143812326407555
allenai/OLMo-2-1124-7B,1,32,0.96875,-0.0036404277474462177,-0.022644453525572372,0.02562510213898574,0.36499650272224404
allenai/OLMo-2-1124-7B,0,32,1.0,0.012347638191003596,-0.014067908364062843,0.02562510213898574,0.3474979364082563
allenai/OLMo-2-1124-7B-Instruct,31,32,0.03125,-0.01965498135524646,-0.009257577028092875,0.015111866862784535,0.27354246760692347
allenai/OLMo-2-1124-7B-Instruct,30,32,0.0625,0.03640869202844199,-0.010941576678169055,0.015111866862784535,0.2975281883063331
allenai/OLMo-2-1124-7B-Instruct,29,32,0.09375,-0.00779368802294389,-0.013007589037957753,0.015111866862784535,0.33022907200018803
allenai/OLMo-2-1124-7B-Instruct,28,32,0.125,0.09317247476339985,-0.016387892907252077,0.015111866862784535,0.36057223130924176
allenai/OLMo-2-1124-7B-Instruct,27,32,0.15625,0.06351392732216454,-0.01634521664214547,0.015111866862784535,0.35932418675590283
allenai/OLMo-2-1124-7B-Instruct,26,32,0.1875,0.1443253375736019,-0.017388784335945973,0.015111866862784535,0.3845699697831769
allenai/OLMo-2-1124-7B-Instruct,25,32,0.21875,0.15726542724157855,-0.016517943542402748,0.015111866862784535,0.3784938969307051
allenai/OLMo-2-1124-7B-Instruct,24,32,0.25,0.17449527964090117,-0.0169144439556949,0.015111866862784535,0.381084982672645
allenai/OLMo-2-1124-7B-Instruct,23,32,0.28125,0.19735720117024846,-0.01688760176890143,0.015111866862784535,0.408505496879652
allenai/OLMo-2-1124-7B-Instruct,22,32,0.3125,0.1959037799989467,-0.01730424415451798,0.015111866862784535,0.42275832560352133
allenai/OLMo-2-1124-7B-Instruct,21,32,0.34375,0.18919687413857678,-0.018610537035323192,0.015111866862784535,0.4217473792839088
allenai/OLMo-2-1124-7B-Instruct,20,32,0.375,0.2829493508582508,-0.017648775550726876,0.015111866862784535,0.42818652259198864
allenai/OLMo-2-1124-7B-Instruct,19,32,0.40625,0.2870681263072602,-0.017676171917136746,0.015111866862784535,0.44278064216199187
allenai/OLMo-2-1124-7B-Instruct,18,32,0.4375,0.3078813622903197,-0.017491643036663305,0.015111866862784535,0.4395679474896226
allenai/OLMo-2-1124-7B-Instruct,17,32,0.46875,0.29553016236543694,-0.017597027649649474,0.015111866862784535,0.4524193908629365
allenai/OLMo-2-1124-7B-Instruct,16,32,0.5,0.32027626908342455,-0.017759790473765493,0.015111866862784535,0.46684005325090216
allenai/OLMo-2-1124-7B-Instruct,15,32,0.53125,0.31247551646299143,-0.01781417674050878,0.015111866862784535,0.47089526531003245
allenai/OLMo-2-1124-7B-Instruct,14,32,0.5625,0.30331572927239203,-0.017686650483432657,0.015111866862784535,0.464947901926563
allenai/OLMo-2-1124-7B-Instruct,13,32,0.59375,0.35691774339132043,-0.0176985401071057,0.015111866862784535,0.4642744611083208
allenai/OLMo-2-1124-7B-Instruct,12,32,0.625,0.35016437690553515,-0.01781809899413313,0.015111866862784535,0.4519746117647304
allenai/OLMo-2-1124-7B-Instruct,11,32,0.65625,0.3434048121356804,-0.0177370465368112,0.015111866862784535,0.45183400351020264
allenai/OLMo-2-1124-7B-Instruct,10,32,0.6875,0.3356680625521431,-0.017719977594744862,0.015111866862784535,0.4570263089982076
allenai/OLMo-2-1124-7B-Instruct,9,32,0.71875,0.3554583435795834,-0.01791383958228473,0.015111866862784535,0.44548194756997395
allenai/OLMo-2-1124-7B-Instruct,8,32,0.75,0.3832127506857098,-0.017889494003385596,0.015111866862784535,0.4572027664584065
allenai/OLMo-2-1124-7B-Instruct,7,32,0.78125,0.37158909373196347,-0.017891886740996014,0.015111866862784535,0.4691773846618098
allenai/OLMo-2-1124-7B-Instruct,6,32,0.8125,0.37084245002842786,-0.017953427831824093,0.015111866862784535,0.4845326648540238
allenai/OLMo-2-1124-7B-Instruct,5,32,0.84375,0.37167977782616823,-0.018005260715458302,0.015111866862784535,0.470319274632485
allenai/OLMo-2-1124-7B-Instruct,4,32,0.875,0.3635417345351668,-0.018043126628577856,0.015111866862784535,0.4516997192404488
allenai/OLMo-2-1124-7B-Instruct,3,32,0.90625,0.35259202879473606,-0.01818505552683691,0.015111866862784535,0.45800692850931135
allenai/OLMo-2-1124-7B-Instruct,2,32,0.9375,0.332904271998116,-0.018144494352458837,0.015111866862784535,0.46060830227619676
allenai/OLMo-2-1124-7B-Instruct,1,32,0.96875,0.33412445490523945,-0.01812330114186589,0.015111866862784535,0.4713359546824145
allenai/OLMo-2-1124-7B-Instruct,0,32,1.0,0.3234696119063527,-0.018065970565475393,0.015111866862784535,0.46759795568141627
allenai/Olmo-3-1125-32B,63,64,0.015625,0.14731278129540937,-0.022381413608836734,0.023293545267034855,0.16218888958837496
allenai/Olmo-3-1125-32B,62,64,0.03125,0.33383229962483485,-0.02561082899493113,0.023293545267034855,0.27618272433639934
allenai/Olmo-3-1125-32B,61,64,0.046875,0.32680270592746874,-0.02551150301143565,0.023293545267034855,0.30158022450828126
allenai/Olmo-3-1125-32B,60,64,0.0625,0.3448051074483083,-0.026889544667937675,0.023293545267034855,0.37627554722530265
allenai/Olmo-3-1125-32B,59,64,0.078125,0.38387773392551816,-0.026860167824380436,0.023293545267034855,0.363231628206403
allenai/Olmo-3-1125-32B,58,64,0.09375,0.402549857217781,-0.027749550692961266,0.023293545267034855,0.4042310646106003
allenai/Olmo-3-1125-32B,57,64,0.109375,0.40389875963771116,-0.027578604905940374,0.023293545267034855,0.4083474091764713
allenai/Olmo-3-1125-32B,56,64,0.125,0.4419156273504369,-0.0276460627270096,0.023293545267034855,0.42019777943340186
allenai/Olmo-3-1125-32B,55,64,0.140625,0.46548743228204803,-0.025612395254651827,0.023293545267034855,0.42401988781100675
allenai/Olmo-3-1125-32B,54,64,0.15625,0.4463221207738377,-0.02786808793446107,0.023293545267034855,0.4301717040914126
allenai/Olmo-3-1125-32B,53,64,0.171875,0.4347673786445655,-0.028111323380229977,0.023293545267034855,0.43367372981148755
allenai/Olmo-3-1125-32B,52,64,0.1875,0.45438186107876255,-0.025721812968052166,0.023293545267034855,0.442541498856337
allenai/Olmo-3-1125-32B,51,64,0.203125,0.4560438599872205,-0.028302367251384037,0.023293545267034855,0.43202061894956856
allenai/Olmo-3-1125-32B,50,64,0.21875,0.4607593383116164,-0.028392667717946646,0.023293545267034855,0.43951559019111963
allenai/Olmo-3-1125-32B,49,64,0.234375,0.46050439477392646,-0.02828382513413716,0.023293545267034855,0.42396121478733595
allenai/Olmo-3-1125-32B,48,64,0.25,0.4360856689183428,-0.02810511533305606,0.023293545267034855,0.43673692187882585
allenai/Olmo-3-1125-32B,47,64,0.265625,0.443448329408222,-0.02797557160147247,0.023293545267034855,0.461911666186807
allenai/Olmo-3-1125-32B,46,64,0.28125,0.43598118398987706,-0.028230818004784254,0.023293545267034855,0.44282322468286417
allenai/Olmo-3-1125-32B,45,64,0.296875,0.4196355879388024,-0.028322449074278166,0.023293545267034855,0.4311930006314054
allenai/Olmo-3-1125-32B,44,64,0.3125,0.4440140970055747,-0.02793063976671793,0.023293545267034855,0.4526343472308434
allenai/Olmo-3-1125-32B,43,64,0.328125,0.4540408881815141,-0.025737302242738794,0.023293545267034855,0.441525940674106
allenai/Olmo-3-1125-32B,42,64,0.34375,0.46672408972514723,-0.025869627673072892,0.023293545267034855,0.43971041885305184
allenai/Olmo-3-1125-32B,41,64,0.359375,0.46374967155009483,-0.02790192504860669,0.023293545267034855,0.4598173217933825
allenai/Olmo-3-1125-32B,40,64,0.375,0.4307403968099085,-0.027819883489654,0.023293545267034855,0.451528791358368
allenai/Olmo-3-1125-32B,39,64,0.390625,0.44396771831366244,-0.027760898743166743,0.023293545267034855,0.46152797729448447
allenai/Olmo-3-1125-32B,38,64,0.40625,0.4345024024184865,-0.02796695838343392,0.023293545267034855,0.45844979332179314
allenai/Olmo-3-1125-32B,37,64,0.421875,0.4457000766242041,-0.025832808424760722,0.023293545267034855,0.47316370277327635
allenai/Olmo-3-1125-32B,36,64,0.4375,0.44680238980353826,-0.02584105461008872,0.023293545267034855,0.44383445273658506
allenai/Olmo-3-1125-32B,35,64,0.453125,0.4568774812785864,-0.026003644920278755,0.023293545267034855,0.43383568965068253
allenai/Olmo-3-1125-32B,34,64,0.46875,0.45275563309951095,-0.026092946261006295,0.023293545267034855,0.43012050325010975
allenai/Olmo-3-1125-32B,33,64,0.484375,0.44555262360082404,-0.026096419430844592,0.023293545267034855,0.42369327440871296
allenai/Olmo-3-1125-32B,32,64,0.5,0.46220856051584724,-0.026148755298392654,0.023293545267034855,0.4240322131263021
allenai/Olmo-3-1125-32B,31,64,0.515625,0.4663444247714731,-0.02617880877950589,0.023293545267034855,0.42757809599366026
allenai/Olmo-3-1125-32B,30,64,0.53125,0.4632364135905448,-0.026209515687670208,0.023293545267034855,0.4507503252429065
allenai/Olmo-3-1125-32B,29,64,0.546875,0.4602479488830661,-0.02624580276792647,0.023293545267034855,0.4551116095920139
allenai/Olmo-3-1125-32B,28,64,0.5625,0.46603496793833743,-0.02626663641456029,0.023293545267034855,0.4483174563444946
allenai/Olmo-3-1125-32B,27,64,0.578125,0.464296007102617,-0.02627068906267278,0.023293545267034855,0.4447225250411422
allenai/Olmo-3-1125-32B,26,64,0.59375,0.44164606010251584,-0.026292989476566733,0.023293545267034855,0.4443000417080478
allenai/Olmo-3-1125-32B,25,64,0.609375,0.4493112069533647,-0.026256158001695406,0.023293545267034855,0.45695870263107263
allenai/Olmo-3-1125-32B,24,64,0.625,0.4412843530041407,-0.02624228111688946,0.023293545267034855,0.45471502921102214
allenai/Olmo-3-1125-32B,23,64,0.640625,0.4438066429145898,-0.02622574511280578,0.023293545267034855,0.4484720694687909
allenai/Olmo-3-1125-32B,22,64,0.65625,0.46037368319227,-0.026245358204357454,0.023293545267034855,0.4415118941035784
allenai/Olmo-3-1125-32B,21,64,0.671875,0.4536705638326277,-0.026264509483314193,0.023293545267034855,0.43988375661501455
allenai/Olmo-3-1125-32B,20,64,0.6875,0.450928227914445,-0.02626653257752835,0.023293545267034855,0.4421701507752631
allenai/Olmo-3-1125-32B,19,64,0.703125,0.4609689875354901,-0.02626915857930036,0.023293545267034855,0.44307187832107453
allenai/Olmo-3-1125-32B,18,64,0.71875,0.4577954697580313,-0.026326966934822282,0.023293545267034855,0.44558751596798807
allenai/Olmo-3-1125-32B,17,64,0.734375,0.45018946208621347,-0.02640106684588787,0.023293545267034855,0.4527821569459274
allenai/Olmo-3-1125-32B,16,64,0.75,0.4616850468129349,-0.026337956891808605,0.023293545267034855,0.457361424233265
allenai/Olmo-3-1125-32B,15,64,0.765625,0.47837812465839635,-0.026300553687900873,0.023293545267034855,0.4609223890816563
allenai/Olmo-3-1125-32B,14,64,0.78125,0.48847857526594285,-0.026264802855541152,0.023293545267034855,0.45523697303465605
allenai/Olmo-3-1125-32B,13,64,0.796875,0.4838565939070171,-0.026227357005128696,0.023293545267034855,0.4603398808332744
allenai/Olmo-3-1125-32B,12,64,0.8125,0.4834380567094082,-0.02627807595223429,0.023293545267034855,0.4515355413413288
allenai/Olmo-3-1125-32B,11,64,0.828125,0.481598563316212,-0.02629103484573807,0.023293545267034855,0.44632681553504283
allenai/Olmo-3-1125-32B,10,64,0.84375,0.47425501405203685,-0.02628569065895557,0.023293545267034855,0.4567582179426364
allenai/Olmo-3-1125-32B,9,64,0.859375,0.47200259077755335,-0.026313533471873905,0.023293545267034855,0.45668823197438757
allenai/Olmo-3-1125-32B,8,64,0.875,0.4827441350832229,-0.026307170771758516,0.023293545267034855,0.4607072654383132
allenai/Olmo-3-1125-32B,7,64,0.890625,0.47958515219335285,-0.026311326595064664,0.023293545267034855,0.4681511124182053
allenai/Olmo-3-1125-32B,6,64,0.90625,0.4799881601796576,-0.026353007715643938,0.023293545267034855,0.4595402661025314
allenai/Olmo-3-1125-32B,5,64,0.921875,0.469862134217521,-0.026395237922051146,0.023293545267034855,0.45485258902095116
allenai/Olmo-3-1125-32B,4,64,0.9375,0.4673324453311578,-0.02640865967211712,0.023293545267034855,0.4505860444294707
allenai/Olmo-3-1125-32B,3,64,0.953125,0.46254283164866217,-0.02641229764128804,0.023293545267034855,0.4550237082991512
allenai/Olmo-3-1125-32B,2,64,0.96875,0.4683997948176817,-0.026409810871757727,0.023293545267034855,0.4461665515787001
allenai/Olmo-3-1125-32B,1,64,0.984375,0.47686117168808184,-0.026443353808523536,0.023293545267034855,0.4292614762913406
allenai/Olmo-3-1125-32B,0,64,1.0,0.4855392673320654,-0.026064679834283976,0.023293545267034855,0.43991070538110677
allenai/Olmo-3-7B-Instruct,31,32,0.03125,0.2125003669536658,-0.009728555297614391,0.008385274960852236,0.3279259197645542
allenai/Olmo-3-7B-Instruct,30,32,0.0625,0.35586062092705684,-0.009391835926750436,0.008385274960852236,0.365748764949986
allenai/Olmo-3-7B-Instruct,29,32,0.09375,0.3575564788644692,-0.00838554965624482,0.008385274960852236,0.36091795409210725
allenai/Olmo-3-7B-Instruct,28,32,0.125,0.371502306862173,-0.007994246779559335,0.008385274960852236,0.41599917047111534
allenai/Olmo-3-7B-Instruct,27,32,0.15625,0.39692488068941534,-0.007830454910571463,0.008385274960852236,0.4238956856601801
allenai/Olmo-3-7B-Instruct,26,32,0.1875,0.46666143514916436,-0.008162338947638494,0.008385274960852236,0.4505112217215168
allenai/Olmo-3-7B-Instruct,25,32,0.21875,0.4297537207442975,-0.007552801442627909,0.008385274960852236,0.4471272573136721
allenai/Olmo-3-7B-Instruct,24,32,0.25,0.4313981177170245,-0.007435123398694061,0.008385274960852236,0.47525364381424207
allenai/Olmo-3-7B-Instruct,23,32,0.28125,0.4629675856620674,-0.007394847667716338,0.008385274960852236,0.44966164955160093
allenai/Olmo-3-7B-Instruct,22,32,0.3125,0.4583358482086314,-0.007632066854730971,0.008385274960852236,0.4584452078331357
allenai/Olmo-3-7B-Instruct,21,32,0.34375,0.4531053883421703,-0.007829251907250138,0.008385274960852236,0.5235349964318949
allenai/Olmo-3-7B-Instruct,20,32,0.375,0.431068499027386,-0.007964412104040832,0.008385274960852236,0.5392229824494099
allenai/Olmo-3-7B-Instruct,19,32,0.40625,0.43433326964901775,-0.008114031941079094,0.008385274960852236,0.5522961058313542
allenai/Olmo-3-7B-Instruct,18,32,0.4375,0.4194216134894553,-0.0078696333015769,0.008385274960852236,0.5728896549257854
allenai/Olmo-3-7B-Instruct,17,32,0.46875,0.438960687527962,-0.008227037560635966,0.008385274960852236,0.6148152883219378
allenai/Olmo-3-7B-Instruct,16,32,0.5,0.4473218911404411,-0.008062089876930554,0.008385274960852236,0.6008674323682524
allenai/Olmo-3-7B-Instruct,15,32,0.53125,0.4376721446980121,-0.008100503801822836,0.008385274960852236,0.6155924187843709
allenai/Olmo-3-7B-Instruct,14,32,0.5625,0.43702825312424465,-0.007957816110146627,0.008385274960852236,0.6067513015212924
allenai/Olmo-3-7B-Instruct,13,32,0.59375,0.42191173283107675,-0.007942650004666959,0.008385274960852236,0.6123766596129732
allenai/Olmo-3-7B-Instruct,12,32,0.625,0.43177755065010637,-0.00776027853165843,0.008385274960852236,0.6136404527875237
allenai/Olmo-3-7B-Instruct,11,32,0.65625,0.4364761775628707,-0.007600066101206382,0.008385274960852236,0.6191935196251439
allenai/Olmo-3-7B-Instruct,10,32,0.6875,0.45730790756267115,-0.007603547831721895,0.008385274960852236,0.6080511768111161
allenai/Olmo-3-7B-Instruct,9,32,0.71875,0.4374350323868851,-0.007721613150753838,0.008385274960852236,0.5962016183923629
allenai/Olmo-3-7B-Instruct,8,32,0.75,0.4266426525151469,-0.007808797095567564,0.008385274960852236,0.6160491253432836
allenai/Olmo-3-7B-Instruct,7,32,0.78125,0.4279803905185541,-0.0075799790340147985,0.008385274960852236,0.6224408998482945
allenai/Olmo-3-7B-Instruct,6,32,0.8125,0.42331359610460195,-0.007680000353423358,0.008385274960852236,0.6146002444833923
allenai/Olmo-3-7B-Instruct,5,32,0.84375,0.4132932239578818,-0.007687670976981719,0.008385274960852236,0.6018898380484974
allenai/Olmo-3-7B-Instruct,4,32,0.875,0.41275164713499957,-0.007779249760247614,0.008385274960852236,0.5939111003976872
allenai/Olmo-3-7B-Instruct,3,32,0.90625,0.40977582890940845,-0.007768809323417901,0.008385274960852236,0.6085634673339875
allenai/Olmo-3-7B-Instruct,2,32,0.9375,0.41683233571383616,-0.00761271091627249,0.008385274960852236,0.5955373983327711
allenai/Olmo-3-7B-Instruct,1,32,0.96875,0.4131849833407659,-0.0075301443326858675,0.008385274960852236,0.5915691110772687
allenai/Olmo-3-7B-Instruct,0,32,1.0,0.4187990565291594,-0.0073836009323211505,0.008385274960852236,0.5960319034281449
arcee-ai/AFM-4.5B,35,36,0.027777777777777776,-0.006384136254207862,-0.022976647401343805,0.022001741075316963,-0.05627599385713156
arcee-ai/AFM-4.5B,34,36,0.05555555555555555,0.030000473436901265,-0.02525444253034848,0.022001741075316963,-0.026860058800543873
arcee-ai/AFM-4.5B,33,36,0.08333333333333333,0.19054362060144803,-0.02522989523913387,0.022001741075316963,0.03767823105761847
arcee-ai/AFM-4.5B,32,36,0.1111111111111111,0.23891163649834657,-0.025438613573145936,0.022001741075316963,0.028476065779538096
arcee-ai/AFM-4.5B,31,36,0.1388888888888889,0.3096012215829671,-0.024845265032642207,0.022001741075316963,0.07591420888570155
arcee-ai/AFM-4.5B,30,36,0.16666666666666666,0.3303952604816097,-0.024797805569828163,0.022001741075316963,0.12371350263729863
arcee-ai/AFM-4.5B,29,36,0.19444444444444445,0.3393242775172235,-0.02365765852019718,0.022001741075316963,0.1549112749269942
arcee-ai/AFM-4.5B,28,36,0.2222222222222222,0.3205946657492771,-0.023555831271202653,0.022001741075316963,0.2066949436747827
arcee-ai/AFM-4.5B,27,36,0.25,0.340479499112031,-0.024730883272009552,0.022001741075316963,0.24892729419687232
arcee-ai/AFM-4.5B,26,36,0.2777777777777778,0.39298714902791765,-0.024953595423462847,0.022001741075316963,0.28280654185365295
arcee-ai/AFM-4.5B,25,36,0.3055555555555556,0.4003458995442055,-0.024413105267606188,0.022001741075316963,0.41170236700993346
arcee-ai/AFM-4.5B,24,36,0.3333333333333333,0.41345777739611633,-0.02417215628082798,0.022001741075316963,0.3934666140909472
arcee-ai/AFM-4.5B,23,36,0.3611111111111111,0.42619334806424825,-0.024001234907832743,0.022001741075316963,0.401048272691955
arcee-ai/AFM-4.5B,22,36,0.3888888888888889,0.43786043660321416,-0.022857077732884735,0.022001741075316963,0.4062173618427354
arcee-ai/AFM-4.5B,21,36,0.4166666666666667,0.45448659769759947,-0.022946640368460145,0.022001741075316963,0.3791372358269812
arcee-ai/AFM-4.5B,20,36,0.4444444444444444,0.3798415913943052,-0.02552823320339431,0.022001741075316963,0.34928399342593286
arcee-ai/AFM-4.5B,19,36,0.4722222222222222,0.36942186311920566,-0.022077410890816895,0.022001741075316963,0.331878939257534
arcee-ai/AFM-4.5B,18,36,0.5,0.3438022681295697,-0.024050870879640966,0.022001741075316963,0.2381842035671442
arcee-ai/AFM-4.5B,17,36,0.5277777777777778,0.366246977871613,-0.02476679040871084,0.022001741075316963,0.2568496578325453
arcee-ai/AFM-4.5B,16,36,0.5555555555555556,0.3913517161848734,-0.024609840752306284,0.022001741075316963,0.3116413961237334
arcee-ai/AFM-4.5B,15,36,0.5833333333333334,0.4098485206986845,-0.024390961788813174,0.022001741075316963,0.29860759386448255
arcee-ai/AFM-4.5B,14,36,0.6111111111111112,0.4060585326591082,-0.023992123617677014,0.022001741075316963,0.2913833200482757
arcee-ai/AFM-4.5B,13,36,0.6388888888888888,0.3972593194501344,-0.02475193946807133,0.022001741075316963,0.22411136671635823
arcee-ai/AFM-4.5B,12,36,0.6666666666666666,0.4116960323615003,-0.024875895486430204,0.022001741075316963,0.2609964216812306
arcee-ai/AFM-4.5B,11,36,0.6944444444444444,0.4227727783751558,-0.02505110515905114,0.022001741075316963,0.27445614059111956
arcee-ai/AFM-4.5B,10,36,0.7222222222222222,0.39598829849082817,-0.025120635072936,0.022001741075316963,0.24153795823874036
arcee-ai/AFM-4.5B,9,36,0.75,0.39953351940595905,-0.025171449796552954,0.022001741075316963,0.269137175374497
arcee-ai/AFM-4.5B,8,36,0.7777777777777778,0.3817181853289302,-0.024959273769145918,0.022001741075316963,0.311988715496916
arcee-ai/AFM-4.5B,7,36,0.8055555555555556,0.40003077107645857,-0.024597651715960633,0.022001741075316963,0.35793128144338393
arcee-ai/AFM-4.5B,6,36,0.8333333333333334,0.3970822919186592,-0.025675832183894222,0.022001741075316963,0.32519432633998424
arcee-ai/AFM-4.5B,5,36,0.8611111111111112,0.38504476345694505,-0.025409177251810647,0.022001741075316963,0.2997595571628773
arcee-ai/AFM-4.5B,4,36,0.8888888888888888,0.4052135181169464,-0.025500168235615277,0.022001741075316963,0.2670688115334431
arcee-ai/AFM-4.5B,3,36,0.9166666666666666,0.429518615975771,-0.02501475570265082,0.022001741075316963,0.22229097217148974
arcee-ai/AFM-4.5B,2,36,0.9444444444444444,0.40807589457372473,-0.025610145096682534,0.022001741075316963,0.21493516035400417
arcee-ai/AFM-4.5B,1,36,0.9722222222222222,0.4146093539671698,-0.024913002539137922,0.022001741075316963,0.19406579641533495
arcee-ai/AFM-4.5B,0,36,1.0,0.42108912310789626,-0.02471877702584223,0.022001741075316963,0.17659727609848075
arcee-ai/AFM-4.5B-Base,35,36,0.027777777777777776,-0.02119364653418221,-0.035542314518149376,0.03052381271824074,0.43115842744521304
arcee-ai/AFM-4.5B-Base,34,36,0.05555555555555555,-0.003332829898392786,-0.03364885156316071,0.03052381271824074,0.4722504035198761
arcee-ai/AFM-4.5B-Base,33,36,0.08333333333333333,-0.0031885598383258884,-0.03389687384658202,0.03052381271824074,0.4258502605666272
arcee-ai/AFM-4.5B-Base,32,36,0.1111111111111111,-0.015156784202542184,-0.03324750678809149,0.03052381271824074,0.47443816833761554
arcee-ai/AFM-4.5B-Base,31,36,0.1388888888888889,-0.0081727077609548,-0.03522880573174355,0.03052381271824074,0.506408299070549
arcee-ai/AFM-4.5B-Base,30,36,0.16666666666666666,0.012199101794762135,-0.03621607994094529,0.03052381271824074,0.5273143642551675
arcee-ai/AFM-4.5B-Base,29,36,0.19444444444444445,0.007995258319814846,-0.03893550107996656,0.03052381271824074,0.5324042487441025
arcee-ai/AFM-4.5B-Base,28,36,0.2222222222222222,0.004190982550233091,-0.05618013670722582,0.03052381271824074,0.5611274396481788
arcee-ai/AFM-4.5B-Base,27,36,0.25,-0.011789048925636703,-0.057571003004218003,0.03052381271824074,0.5868169764781406
arcee-ai/AFM-4.5B-Base,26,36,0.2777777777777778,-0.0032000159197553835,-0.059231537675354676,0.03052381271824074,0.591489004927493
arcee-ai/AFM-4.5B-Base,25,36,0.3055555555555556,-0.006342131055284916,-0.06125574490221349,0.03052381271824074,0.6365093091646853
arcee-ai/AFM-4.5B-Base,24,36,0.3333333333333333,-0.008719586686737335,-0.06078967727600051,0.03052381271824074,0.6323244253501612
arcee-ai/AFM-4.5B-Base,23,36,0.3611111111111111,-0.001552747494922846,-0.06310824897508878,0.03052381271824074,0.6514318967127437
arcee-ai/AFM-4.5B-Base,22,36,0.3888888888888889,0.004317255090136363,-0.06346950116005816,0.03052381271824074,0.6742535011150101
arcee-ai/AFM-4.5B-Base,21,36,0.4166666666666667,0.005455114129032657,-0.0632472709797434,0.03052381271824074,0.6545414252185713
arcee-ai/AFM-4.5B-Base,20,36,0.4444444444444444,0.011364584834558933,-0.06220491976570935,0.03052381271824074,0.7103588654787827
arcee-ai/AFM-4.5B-Base,19,36,0.4722222222222222,0.010828833894475531,-0.06244370248569427,0.03052381271824074,0.692072721252555
arcee-ai/AFM-4.5B-Base,18,36,0.5,-0.01885634034860284,-0.05088407557582327,0.03052381271824074,0.6892103448997497
arcee-ai/AFM-4.5B-Base,17,36,0.5277777777777778,0.0010099941446652938,-0.0678338371247274,0.03052381271824074,0.7067226399279184
arcee-ai/AFM-4.5B-Base,16,36,0.5555555555555556,-0.012365734353640967,-0.06955807249738387,0.03052381271824074,0.7066402041974216
arcee-ai/AFM-4.5B-Base,15,36,0.5833333333333334,-0.005701833049783556,-0.06804067947663998,0.03052381271824074,0.7033041501751656
arcee-ai/AFM-4.5B-Base,14,36,0.6111111111111112,-0.02139150916302568,-0.06332432392666261,0.03052381271824074,0.7039553060477155
arcee-ai/AFM-4.5B-Base,13,36,0.6388888888888888,-0.0018988815245790658,-0.05173381331644591,0.03052381271824074,0.7017557634946059
arcee-ai/AFM-4.5B-Base,12,36,0.6666666666666666,-0.0005854776689226959,-0.05336179995761236,0.03052381271824074,0.6976794092255759
arcee-ai/AFM-4.5B-Base,11,36,0.6944444444444444,0.003925456074450606,-0.06409900052288837,0.03052381271824074,0.6972660496883558
arcee-ai/AFM-4.5B-Base,10,36,0.7222222222222222,0.026212551417683305,-0.06583411116199522,0.03052381271824074,0.6881156624476017
arcee-ai/AFM-4.5B-Base,9,36,0.75,0.0317540972109126,-0.06691398571006665,0.03052381271824074,0.6863487346595759
arcee-ai/AFM-4.5B-Base,8,36,0.7777777777777778,0.02198679547170468,-0.06724965464251079,0.03052381271824074,0.6896433367497774
arcee-ai/AFM-4.5B-Base,7,36,0.8055555555555556,0.027601789594395187,-0.0712881807482468,0.03052381271824074,0.6957905541318554
arcee-ai/AFM-4.5B-Base,6,36,0.8333333333333334,0.043837567307002834,-0.07540352524675427,0.03052381271824074,0.7095424464039244
arcee-ai/AFM-4.5B-Base,5,36,0.8611111111111112,0.039714427781104344,-0.06271896740723262,0.03052381271824074,0.7019073901958319
arcee-ai/AFM-4.5B-Base,4,36,0.8888888888888888,0.053201275874912524,-0.07228956853909428,0.03052381271824074,0.6656227480880912
arcee-ai/AFM-4.5B-Base,3,36,0.9166666666666666,0.03766606704446862,-0.07363340576874099,0.03052381271824074,0.6590060506703641
arcee-ai/AFM-4.5B-Base,2,36,0.9444444444444444,0.042016294926913944,-0.07661816279752154,0.03052381271824074,0.6623954034628031
arcee-ai/AFM-4.5B-Base,1,36,0.9722222222222222,0.044524950610371206,-0.0763896748400119,0.03052381271824074,0.639517099986998
arcee-ai/AFM-4.5B-Base,0,36,1.0,0.0511258127033134,-0.07147082292641467,0.03052381271824074,0.6171238448263814
google/gemma-2-9b-it,41,42,0.023809523809523808,0.42640652012647917,-0.014738984967006572,0.011435931528568458,0.5741530732225838
google/gemma-2-9b-it,40,42,0.047619047619047616,0.5018403968144804,-0.01464696968397861,0.011435931528568458,0.589167031764422
google/gemma-2-9b-it,39,42,0.07142857142857142,0.5007752056710056,-0.014583458060442237,0.011435931528568458,0.5789597924792957
google/gemma-2-9b-it,38,42,0.09523809523809523,0.4689908674690918,-0.014850331027658226,0.011435931528568458,0.5799312936898142
google/gemma-2-9b-it,37,42,0.11904761904761904,0.47591666500731,-0.014497905978355798,0.011435931528568458,0.5901257027872464
google/gemma-2-9b-it,36,42,0.14285714285714285,0.4931502818641261,-0.014599059174248145,0.011435931528568458,0.5870578147068872
google/gemma-2-9b-it,35,42,0.16666666666666666,0.5029751060962598,-0.014637480596195749,0.011435931528568458,0.5894527325930696
google/gemma-2-9b-it,34,42,0.19047619047619047,0.4949631115361799,-0.014000831040048668,0.011435931528568458,0.5904608228234001
google/gemma-2-9b-it,33,42,0.21428571428571427,0.49014290292313223,-0.014335327668235972,0.011435931528568458,0.5827790666279102
google/gemma-2-9b-it,32,42,0.23809523809523808,0.5276239792164346,-0.014243658182943408,0.011435931528568458,0.6187473376520594
google/gemma-2-9b-it,31,42,0.2619047619047619,0.49010132569379306,-0.014035338348229237,0.011435931528568458,0.6061444400539588
google/gemma-2-9b-it,30,42,0.2857142857142857,0.5231131672275376,-0.013978109546130182,0.011435931528568458,0.6409252169763195
google/gemma-2-9b-it,29,42,0.30952380952380953,0.5418485093920371,-0.0139606267769051,0.011435931528568458,0.6541503619528768
google/gemma-2-9b-it,28,42,0.3333333333333333,0.503602757996747,-0.013747751027861538,0.011435931528568458,0.6748980015236603
google/gemma-2-9b-it,27,42,0.35714285714285715,0.5104015230152861,-0.013773298444547156,0.011435931528568458,0.6495298836533944
google/gemma-2-9b-it,26,42,0.38095238095238093,0.5602785478417684,-0.01362124879550363,0.011435931528568458,0.6355777247784111
google/gemma-2-9b-it,25,42,0.40476190476190477,0.561470367074946,-0.013346843068768481,0.011435931528568458,0.6880589439061966
google/gemma-2-9b-it,24,42,0.42857142857142855,0.5289254326226178,-0.013287964529033544,0.011435931528568458,0.6968697769443344
google/gemma-2-9b-it,23,42,0.4523809523809524,0.540427093489349,-0.01334010985425677,0.011435931528568458,0.6854453376368218
google/gemma-2-9b-it,22,42,0.47619047619047616,0.5280821630689057,-0.013317077225490843,0.011435931528568458,0.6714982271119541
google/gemma-2-9b-it,21,42,0.5,0.5436880117760394,-0.013390058193348143,0.011435931528568458,0.6806100183087401
google/gemma-2-9b-it,20,42,0.5238095238095238,0.5677330036476813,-0.013542859906953373,0.011435931528568458,0.6928424263699393
google/gemma-2-9b-it,19,42,0.5476190476190477,0.5517593312386597,-0.013516677414346964,0.011435931528568458,0.6819234579116116
google/gemma-2-9b-it,18,42,0.5714285714285714,0.5149330600910804,-0.013389213499202914,0.011435931528568458,0.6452238250581468
google/gemma-2-9b-it,17,42,0.5952380952380952,0.5312058893441268,-0.013325091671347458,0.011435931528568458,0.6795412402963157
google/gemma-2-9b-it,16,42,0.6190476190476191,0.5480934691958148,-0.013357974253812042,0.011435931528568458,0.6543865294920206
google/gemma-2-9b-it,15,42,0.6428571428571429,0.5585872461757597,-0.014005604400023217,0.011435931528568458,0.6646181562462901
google/gemma-2-9b-it,14,42,0.6666666666666666,0.5343118583174383,-0.013461534076365007,0.011435931528568458,0.6519365008203876
google/gemma-2-9b-it,13,42,0.6904761904761905,0.5137571649334901,-0.014259888532584331,0.011435931528568458,0.6327570590786542
google/gemma-2-9b-it,12,42,0.7142857142857143,0.5217254217737337,-0.014287499729241931,0.011435931528568458,0.6458840874276803
google/gemma-2-9b-it,11,42,0.7380952380952381,0.5336386968377156,-0.014262810904791388,0.011435931528568458,0.663694965597175
google/gemma-2-9b-it,10,42,0.7619047619047619,0.5166390884734047,-0.014355439380110809,0.011435931528568458,0.6671341533268373
google/gemma-2-9b-it,9,42,0.7857142857142857,0.5151072895804103,-0.014306888886506657,0.011435931528568458,0.6530553848520473
google/gemma-2-9b-it,8,42,0.8095238095238095,0.5034909327990198,-0.013628163065440535,0.011435931528568458,0.6446340584236729
google/gemma-2-9b-it,7,42,0.8333333333333334,0.5167194150169692,-0.014368744478295227,0.011435931528568458,0.6611819202497946
google/gemma-2-9b-it,6,42,0.8571428571428571,0.5195114223760677,-0.014186397148895935,0.011435931528568458,0.6901958749317776
google/gemma-2-9b-it,5,42,0.8809523809523809,0.5292747384802347,-0.01424733352005874,0.011435931528568458,0.6936049606995613
google/gemma-2-9b-it,4,42,0.9047619047619048,0.5581135489105749,-0.013343180023308357,0.011435931528568458,0.6917863898357549
google/gemma-2-9b-it,3,42,0.9285714285714286,0.5596218894299283,-0.014195866898791399,0.011435931528568458,0.6944631826715322
google/gemma-2-9b-it,2,42,0.9523809523809523,0.5723913037442819,-0.01415434044457712,0.011435931528568458,0.6879148599802192
google/gemma-2-9b-it,1,42,0.9761904761904762,0.5894757273162157,-0.014046275729266857,0.011435931528568458,0.6920853804653762
google/gemma-2-9b-it,0,42,1.0,0.5920908148361759,-0.013868295272495014,0.011435931528568458,0.6918612274196326
google/gemma-4-E2B-it,34,35,0.02857142857142857,0.23116745843226083,0.004983528855572426,-0.004057650774155585,0.20680517712863578
google/gemma-4-E2B-it,33,35,0.05714285714285714,0.2198664010753716,0.004749414410542127,-0.004057650774155585,0.4238472001194603
google/gemma-4-E2B-it,32,35,0.08571428571428572,0.2165247811662272,0.004024511631082829,-0.004057650774155585,0.4104324051368885
google/gemma-4-E2B-it,31,35,0.11428571428571428,0.22046691128283413,0.003240732662556462,-0.004057650774155585,0.3517204699695845
google/gemma-4-E2B-it,30,35,0.14285714285714285,0.2581492355297462,0.003904262004085416,-0.004057650774155585,0.4558742536482938
google/gemma-4-E2B-it,29,35,0.17142857142857143,0.21532471563226918,0.00520187507266215,-0.004057650774155585,0.3957470291707994
google/gemma-4-E2B-it,28,35,0.2,0.2323890049983386,0.003560811348150046,-0.004057650774155585,0.39325875102072605
google/gemma-4-E2B-it,27,35,0.22857142857142856,0.22265203818433055,0.003615265713825026,-0.004057650774155585,0.3555465229858895
google/gemma-4-E2B-it,26,35,0.2571428571428571,0.26087895440377495,0.0037519268621629444,-0.004057650774155585,0.34991868484907807
google/gemma-4-E2B-it,25,35,0.2857142857142857,0.28295630404840477,0.004833605673329015,-0.004057650774155585,0.3238786339432942
google/gemma-4-E2B-it,24,35,0.3142857142857143,0.23492751206181572,0.004414753874998231,-0.004057650774155585,0.32049142758165805
google/gemma-4-E2B-it,23,35,0.34285714285714286,0.2784274513205781,0.004504999391546894,-0.004057650774155585,0.3389437653160037
google/gemma-4-E2B-it,22,35,0.37142857142857144,0.2648607682554903,0.004269283745303135,-0.004057650774155585,0.32366627678014626
google/gemma-4-E2B-it,21,35,0.4,0.26343199402146933,0.004953053738448088,-0.004057650774155585,0.3457771959813579
google/gemma-4-E2B-it,20,35,0.42857142857142855,0.3903398104669201,0.005830331463116052,-0.004057650774155585,0.5646848079975633
google/gemma-4-E2B-it,19,35,0.45714285714285713,0.4220690576374365,0.006814547940860367,-0.004057650774155585,0.4797267754676229
google/gemma-4-E2B-it,18,35,0.4857142857142857,0.49705107173993845,0.005651527371312652,-0.004057650774155585,0.41678713007910806
google/gemma-4-E2B-it,17,35,0.5142857142857142,0.46766181539548024,0.005516335626146982,-0.004057650774155585,0.32463416993458083
google/gemma-4-E2B-it,16,35,0.5428571428571428,0.4504185506615813,0.005827835825602146,-0.004057650774155585,0.35296552779613033
google/gemma-4-E2B-it,15,35,0.5714285714285714,0.41936022913671145,0.005347754449544289,-0.004057650774155585,0.3781014116936531
google/gemma-4-E2B-it,14,35,0.6,0.4153478983824682,0.005705942681045638,-0.004057650774155585,0.3946175294025318
google/gemma-4-E2B-it,13,35,0.6285714285714286,0.40432320567999125,0.005713053161046019,-0.004057650774155585,0.40383674156995786
google/gemma-4-E2B-it,12,35,0.6571428571428571,0.36526585476111306,0.0052572272405630805,-0.004057650774155585,0.4144259462982631
google/gemma-4-E2B-it,11,35,0.6857142857142857,0.3578839818269697,0.005507948425864824,-0.004057650774155585,0.4264649164673596
google/gemma-4-E2B-it,10,35,0.7142857142857143,0.42271728323847324,0.006067730521779772,-0.004057650774155585,0.4093652639993034
google/gemma-4-E2B-it,9,35,0.7428571428571429,0.4503299623328134,0.006004463820308258,-0.004057650774155585,0.3930634239661328
google/gemma-4-E2B-it,8,35,0.7714285714285715,0.42178331368985855,0.005767196878973484,-0.004057650774155585,0.3912273196733541
google/gemma-4-E2B-it,7,35,0.8,0.39627670144213567,0.005674518643714299,-0.004057650774155585,0.4237127408651823
google/gemma-4-E2B-it,6,35,0.8285714285714286,0.4008738804599091,0.005092385551713959,-0.004057650774155585,0.42068754049164403
google/gemma-4-E2B-it,5,35,0.8571428571428571,0.3717341158799863,0.005777619608630832,-0.004057650774155585,0.42983126610172784
google/gemma-4-E2B-it,4,35,0.8857142857142857,0.41667820510058506,0.0056572249956857645,-0.004057650774155585,0.437141646282198
google/gemma-4-E2B-it,3,35,0.9142857142857143,0.3985406915156504,0.005514409409044289,-0.004057650774155585,0.4509766864689668
google/gemma-4-E2B-it,2,35,0.9428571428571428,0.3877411085952511,0.005465108557336807,-0.004057650774155585,0.46751127068741793
google/gemma-4-E2B-it,1,35,0.9714285714285714,0.39188565899358774,0.004864342481730617,-0.004057650774155585,0.4603787357856146
google/gemma-4-E2B-it,0,35,1.0,0.3802222564891101,0.005583361662078329,-0.004057650774155585,0.44013769350249543
google/gemma-4-E4B-it,41,42,0.023809523809523808,0.3057347835696269,0.0011523152941939297,0.0006701896707275596,0.17555753429446475
google/gemma-4-E4B-it,40,42,0.047619047619047616,0.34794619384180225,0.0018612944029664273,0.0006701896707275596,0.3749009760134878
google/gemma-4-E4B-it,39,42,0.07142857142857142,0.39159317560243,-3.7168618506347776e-05,0.0006701896707275596,0.38046227320877
google/gemma-4-E4B-it,38,42,0.09523809523809523,0.36296980948117774,-0.001837325310154215,0.0006701896707275596,0.4178736992775386
google/gemma-4-E4B-it,37,42,0.11904761904761904,0.3705881752703063,0.0006843246999150895,0.0006701896707275596,0.5241922982555951
google/gemma-4-E4B-it,36,42,0.14285714285714285,0.4282324390767839,0.0010126238486922437,0.0006701896707275596,0.49297045576074006
google/gemma-4-E4B-it,35,42,0.16666666666666666,0.39509936703501336,0.0007066527784758754,0.0006701896707275596,0.48378887424754713
google/gemma-4-E4B-it,34,42,0.19047619047619047,0.3953597767738696,0.001010340795878058,0.0006701896707275596,0.38229285278506087
google/gemma-4-E4B-it,33,42,0.21428571428571427,0.39840747116381736,0.0012694296780304416,0.0006701896707275596,0.3877891870871305
google/gemma-4-E4B-it,32,42,0.23809523809523808,0.3734038284050377,0.0008889351683341025,0.0006701896707275596,0.4997900685959238
google/gemma-4-E4B-it,31,42,0.2619047619047619,0.3597696689342734,0.0007488269300370402,0.0006701896707275596,0.3954650451122729
google/gemma-4-E4B-it,30,42,0.2857142857142857,0.3752286359888445,0.0013700730674945758,0.0006701896707275596,0.45153627175937394
google/gemma-4-E4B-it,29,42,0.30952380952380953,0.3682806100135808,0.00022772094950810094,0.0006701896707275596,0.41703173005036753
google/gemma-4-E4B-it,28,42,0.3333333333333333,0.4085201666656767,0.001343292548069822,0.0006701896707275596,0.4124382829793185
google/gemma-4-E4B-it,27,42,0.35714285714285715,0.42057502420088566,0.0007885116405167916,0.0006701896707275596,0.4310820223337105
google/gemma-4-E4B-it,26,42,0.38095238095238093,0.42295918434328206,0.0013294985275327028,0.0006701896707275596,0.402084571072738
google/gemma-4-E4B-it,25,42,0.40476190476190477,0.420648159154108,0.0011540640219043906,0.0006701896707275596,0.416112106239785
google/gemma-4-E4B-it,24,42,0.42857142857142855,0.41945065964391526,0.0012714607018874606,0.0006701896707275596,0.3705709631632116
google/gemma-4-E4B-it,23,42,0.4523809523809524,0.42805613121437247,0.0009021830955755829,0.0006701896707275596,0.39594461320827257
google/gemma-4-E4B-it,22,42,0.47619047619047616,0.4334873943567491,0.0010647796866224378,0.0006701896707275596,0.38911191642155474
google/gemma-4-E4B-it,21,42,0.5,0.4172431490392008,0.00172980938579321,0.0006701896707275596,0.4322999093569858
google/gemma-4-E4B-it,20,42,0.5238095238095238,0.4047571376840827,0.0022628960256290283,0.0006701896707275596,0.43507972482622315
google/gemma-4-E4B-it,19,42,0.5476190476190477,0.4075770146769564,0.0027589374040931074,0.0006701896707275596,0.5010521287985712
google/gemma-4-E4B-it,18,42,0.5714285714285714,0.4612024496001925,0.002189861722980962,0.0006701896707275596,0.5446168189279756
google/gemma-4-E4B-it,17,42,0.5952380952380952,0.48951471611894115,0.00275669017137458,0.0006701896707275596,0.5594952420086667
google/gemma-4-E4B-it,16,42,0.6190476190476191,0.4683877834499909,0.002450513213245779,0.0006701896707275596,0.5738091845714235
google/gemma-4-E4B-it,15,42,0.6428571428571429,0.47409944358027334,0.0022242522624775422,0.0006701896707275596,0.5341653131659332
google/gemma-4-E4B-it,14,42,0.6666666666666666,0.47209578026379706,0.0020807620454743126,0.0006701896707275596,0.47879004220292176
google/gemma-4-E4B-it,13,42,0.6904761904761905,0.4756314018131028,0.002137374117816171,0.0006701896707275596,0.45817828184823517
google/gemma-4-E4B-it,12,42,0.7142857142857143,0.4721763662506191,0.00260209415241056,0.0006701896707275596,0.46369147089421126
google/gemma-4-E4B-it,11,42,0.7380952380952381,0.45669204078322934,0.002578119267136685,0.0006701896707275596,0.4980091884107062
google/gemma-4-E4B-it,10,42,0.7619047619047619,0.44291466263807533,0.002525474232064878,0.0006701896707275596,0.5036158983603467
google/gemma-4-E4B-it,9,42,0.7857142857142857,0.44117280767934575,0.002786972730652425,0.0006701896707275596,0.4786102257911662
google/gemma-4-E4B-it,8,42,0.8095238095238095,0.44486527214309635,0.002291718916457543,0.0006701896707275596,0.5103686521146416
google/gemma-4-E4B-it,7,42,0.8333333333333334,0.4395427287432768,0.0022685672430588027,0.0006701896707275596,0.4981189466713992
google/gemma-4-E4B-it,6,42,0.8571428571428571,0.452192308594799,0.0023523012131290697,0.0006701896707275596,0.4537268598342421
google/gemma-4-E4B-it,5,42,0.8809523809523809,0.4408773914231593,0.002102144750582983,0.0006701896707275596,0.46055142468455135
google/gemma-4-E4B-it,4,42,0.9047619047619048,0.4245767910692272,0.0021347435479475,0.0006701896707275596,0.41679252698167435
google/gemma-4-E4B-it,3,42,0.9285714285714286,0.44645513009506677,0.002219016631275824,0.0006701896707275596,0.39079831132831266
google/gemma-4-E4B-it,2,42,0.9523809523809523,0.4273074858566184,0.00228558684055807,0.0006701896707275596,0.3876373456172213
google/gemma-4-E4B-it,1,42,0.9761904761904762,0.4131066787250254,0.0024928717980838813,0.0006701896707275596,0.38446578872872517
google/gemma-4-E4B-it,0,42,1.0,0.4081103116455993,0.0028606134378473115,0.0006701896707275596,0.36822158769027913
ibm-granite/granite-3.3-8b-base,39,40,0.025,-0.03463166437956877,-0.024874670003849835,0.02997888425732622,0.0328756128089992
ibm-granite/granite-3.3-8b-base,38,40,0.05,-0.02332175602049591,-0.025081615419576743,0.02997888425732622,0.06404601544627708
ibm-granite/granite-3.3-8b-base,37,40,0.075,0.02574396568514914,-0.024925430683684767,0.02997888425732622,0.09026560470744227
ibm-granite/granite-3.3-8b-base,36,40,0.1,0.05799005299487503,-0.026215749667952096,0.02997888425732622,0.14784980467902098
ibm-granite/granite-3.3-8b-base,35,40,0.125,0.06230533283757422,-0.027736535513123255,0.02997888425732622,0.2285615324861583
ibm-granite/granite-3.3-8b-base,34,40,0.15,0.08309206967065652,-0.028367355829372193,0.02997888425732622,0.2805351803992723
ibm-granite/granite-3.3-8b-base,33,40,0.175,0.0598044530121733,-0.029548752841277198,0.02997888425732622,0.3233320980487371
ibm-granite/granite-3.3-8b-base,32,40,0.2,0.07460692272487546,-0.02672687330403762,0.02997888425732622,0.33188253420267844
ibm-granite/granite-3.3-8b-base,31,40,0.225,0.05169436816613526,-0.026871156918745316,0.02997888425732622,0.3799269118154076
ibm-granite/granite-3.3-8b-base,30,40,0.25,0.07166591498899544,-0.031347663176349655,0.02997888425732622,0.3934126948586336
ibm-granite/granite-3.3-8b-base,29,40,0.275,0.10477462928945247,-0.03225839101432519,0.02997888425732622,0.43565586016746927
ibm-granite/granite-3.3-8b-base,28,40,0.3,0.10187508533951772,-0.03375132144738514,0.02997888425732622,0.4534124072516855
ibm-granite/granite-3.3-8b-base,27,40,0.325,0.09740096815637944,-0.033003927655777185,0.02997888425732622,0.4254759273930616
ibm-granite/granite-3.3-8b-base,26,40,0.35,0.1409364073007121,-0.032939803551049904,0.02997888425732622,0.4217813892772242
ibm-granite/granite-3.3-8b-base,25,40,0.375,0.15662813590319613,-0.03264524124372102,0.02997888425732622,0.40090284130315923
ibm-granite/granite-3.3-8b-base,24,40,0.4,0.13350155699091737,-0.032836123479869674,0.02997888425732622,0.4134126714506323
ibm-granite/granite-3.3-8b-base,23,40,0.425,0.10247686269058587,-0.0347056746280584,0.02997888425732622,0.40537513307648965
ibm-granite/granite-3.3-8b-base,22,40,0.45,0.0330127927859345,-0.03455099552646431,0.02997888425732622,0.3965238946616959
ibm-granite/granite-3.3-8b-base,21,40,0.475,0.06774082261451142,-0.034994698086442295,0.02997888425732622,0.4071055488769505
ibm-granite/granite-3.3-8b-base,20,40,0.5,0.11162869914062379,-0.035036220988061396,0.02997888425732622,0.42291176609076
ibm-granite/granite-3.3-8b-base,19,40,0.525,0.11296317601986428,-0.034803895496960766,0.02997888425732622,0.4111091154372334
ibm-granite/granite-3.3-8b-base,18,40,0.55,0.11178616944960229,-0.03525467123103992,0.02997888425732622,0.41124010380264575
ibm-granite/granite-3.3-8b-base,17,40,0.575,0.09426455748857132,-0.03530647400135378,0.02997888425732622,0.403955465007267
ibm-granite/granite-3.3-8b-base,16,40,0.6,0.09739799783900549,-0.03511786696846425,0.02997888425732622,0.4140518950749572
ibm-granite/granite-3.3-8b-base,15,40,0.625,0.09257251447091974,-0.033556236508785364,0.02997888425732622,0.41171744470258087
ibm-granite/granite-3.3-8b-base,14,40,0.65,0.10247279549741806,-0.03511692243229708,0.02997888425732622,0.4146050867075515
ibm-granite/granite-3.3-8b-base,13,40,0.675,0.11053759726977197,-0.034741967363724625,0.02997888425732622,0.4118177564441312
ibm-granite/granite-3.3-8b-base,12,40,0.7,0.10341412518308013,-0.03457419183775211,0.02997888425732622,0.40756250547268713
ibm-granite/granite-3.3-8b-base,11,40,0.725,0.11201799428579473,-0.03458142302604159,0.02997888425732622,0.3832571000629744
ibm-granite/granite-3.3-8b-base,10,40,0.75,0.11139288607198694,-0.034457044011462615,0.02997888425732622,0.36795669890224203
ibm-granite/granite-3.3-8b-base,9,40,0.775,0.12475107645507189,-0.034487595914206096,0.02997888425732622,0.39263337636851625
ibm-granite/granite-3.3-8b-base,8,40,0.8,0.13773062099262146,-0.034967996573143124,0.02997888425732622,0.3897783527861909
ibm-granite/granite-3.3-8b-base,7,40,0.825,0.10020013087402735,-0.034653496602181345,0.02997888425732622,0.37075374098956726
ibm-granite/granite-3.3-8b-base,6,40,0.85,0.10946285195238437,-0.03458326680891116,0.02997888425732622,0.4058048168625453
ibm-granite/granite-3.3-8b-base,5,40,0.875,0.1376320837262326,-0.03490645588116917,0.02997888425732622,0.4150333216893377
ibm-granite/granite-3.3-8b-base,4,40,0.9,0.15976673252991447,-0.033370943956998404,0.02997888425732622,0.42390182000861576
ibm-granite/granite-3.3-8b-base,3,40,0.925,0.18571305180554565,-0.032662664108971805,0.02997888425732622,0.3970991179629123
ibm-granite/granite-3.3-8b-base,2,40,0.95,0.16166958137318188,-0.03494729647695605,0.02997888425732622,0.40241630937181705
ibm-granite/granite-3.3-8b-base,1,40,0.975,0.20462632614018395,-0.03328498785698998,0.02997888425732622,0.4114939785301227
ibm-granite/granite-3.3-8b-base,0,40,1.0,0.21189372839314846,-0.03303896115643407,0.02997888425732622,0.3791388570161005
ibm-granite/granite-3.3-8b-instruct,39,40,0.025,0.26090730569966647,-0.04426486691765989,0.03393941467743171,0.3676756888752838
ibm-granite/granite-3.3-8b-instruct,38,40,0.05,0.29033013532764196,-0.04318083423875252,0.03393941467743171,0.4299743752136964
ibm-granite/granite-3.3-8b-instruct,37,40,0.075,0.30078874459115423,-0.0438718851418592,0.03393941467743171,0.455725313096047
ibm-granite/granite-3.3-8b-instruct,36,40,0.1,0.30917341132720977,-0.04862338788973321,0.03393941467743171,0.47110959079899095
ibm-granite/granite-3.3-8b-instruct,35,40,0.125,0.3093366904348015,-0.04947703268340336,0.03393941467743171,0.4727395016291027
ibm-granite/granite-3.3-8b-instruct,34,40,0.15,0.3026170381427592,-0.04998844887929149,0.03393941467743171,0.47448905436274746
ibm-granite/granite-3.3-8b-instruct,33,40,0.175,0.30304923587901644,-0.04972523708077225,0.03393941467743171,0.48893972007726927
ibm-granite/granite-3.3-8b-instruct,32,40,0.2,0.3092741579656748,-0.04926368651733055,0.03393941467743171,0.49558840918296765
ibm-granite/granite-3.3-8b-instruct,31,40,0.225,0.3183170931782897,-0.04469710717398356,0.03393941467743171,0.4748646030412673
ibm-granite/granite-3.3-8b-instruct,30,40,0.25,0.3402248526213948,-0.044266326020107626,0.03393941467743171,0.46435697271966747
ibm-granite/granite-3.3-8b-instruct,29,40,0.275,0.3423957052667318,-0.043999830311381515,0.03393941467743171,0.470085544603138
ibm-granite/granite-3.3-8b-instruct,28,40,0.3,0.3994228315600292,-0.043338974703880415,0.03393941467743171,0.4693223229387674
ibm-granite/granite-3.3-8b-instruct,27,40,0.325,0.35962183783434465,-0.04291262237980341,0.03393941467743171,0.4748454187399678
ibm-granite/granite-3.3-8b-instruct,26,40,0.35,0.3608235170476677,-0.04279584871110068,0.03393941467743171,0.46696433837856133
ibm-granite/granite-3.3-8b-instruct,25,40,0.375,0.3575208931828604,-0.04290942951570163,0.03393941467743171,0.513470877041178
ibm-granite/granite-3.3-8b-instruct,24,40,0.4,0.33472872482810045,-0.04312917980824594,0.03393941467743171,0.5335865956335105
ibm-granite/granite-3.3-8b-instruct,23,40,0.425,0.3643505561370175,-0.034672003591066626,0.03393941467743171,0.566035323689851
ibm-granite/granite-3.3-8b-instruct,22,40,0.45,0.41237127449796673,-0.03591506020000756,0.03393941467743171,0.5435898752032345
ibm-granite/granite-3.3-8b-instruct,21,40,0.475,0.3633449844459702,-0.03872022484693583,0.03393941467743171,0.5438716018304846
ibm-granite/granite-3.3-8b-instruct,20,40,0.5,0.3775768214328983,-0.035971493829152726,0.03393941467743171,0.5652466813592104
ibm-granite/granite-3.3-8b-instruct,19,40,0.525,0.40094158186966966,-0.03595995416151497,0.03393941467743171,0.5760697042144654
ibm-granite/granite-3.3-8b-instruct,18,40,0.55,0.3985227208854263,-0.03598053216714037,0.03393941467743171,0.5607692856454269
ibm-granite/granite-3.3-8b-instruct,17,40,0.575,0.4124375274429152,-0.03605901538789468,0.03393941467743171,0.5468432748146936
ibm-granite/granite-3.3-8b-instruct,16,40,0.6,0.3989469937524718,-0.036143345646148343,0.03393941467743171,0.5460588138980628
ibm-granite/granite-3.3-8b-instruct,15,40,0.625,0.3966214504714056,-0.039176569908806434,0.03393941467743171,0.5474461198241837
ibm-granite/granite-3.3-8b-instruct,14,40,0.65,0.36951147330966616,-0.03928479508481389,0.03393941467743171,0.5483569737917375
ibm-granite/granite-3.3-8b-instruct,13,40,0.675,0.36367818379693295,-0.03942335116526373,0.03393941467743171,0.5352228663321139
ibm-granite/granite-3.3-8b-instruct,12,40,0.7,0.3651997263806207,-0.03943409721817017,0.03393941467743171,0.5458389602726446
ibm-granite/granite-3.3-8b-instruct,11,40,0.725,0.3561146755600578,-0.04440382387103758,0.03393941467743171,0.5345357149342442
ibm-granite/granite-3.3-8b-instruct,10,40,0.75,0.35907930534428656,-0.04452771906570037,0.03393941467743171,0.5324621829694695
ibm-granite/granite-3.3-8b-instruct,9,40,0.775,0.37872174474173903,-0.044588417108004645,0.03393941467743171,0.5171357777022455
ibm-granite/granite-3.3-8b-instruct,8,40,0.8,0.4154541255805001,-0.03941771766050362,0.03393941467743171,0.5054983398136355
ibm-granite/granite-3.3-8b-instruct,7,40,0.825,0.38347144682467427,-0.044545005446310404,0.03393941467743171,0.504800793952068
ibm-granite/granite-3.3-8b-instruct,6,40,0.85,0.3957570489239577,-0.044625486504943024,0.03393941467743171,0.495632259693052
ibm-granite/granite-3.3-8b-instruct,5,40,0.875,0.4129595443663694,-0.04420170362833992,0.03393941467743171,0.5357677808698809
ibm-granite/granite-3.3-8b-instruct,4,40,0.9,0.44011856832956675,-0.03928468804995929,0.03393941467743171,0.5451216484857534
ibm-granite/granite-3.3-8b-instruct,3,40,0.925,0.4123234075428537,-0.04425697176390773,0.03393941467743171,0.5531499601586773
ibm-granite/granite-3.3-8b-instruct,2,40,0.95,0.39586770790268433,-0.044647558810929536,0.03393941467743171,0.5516272392238012
ibm-granite/granite-3.3-8b-instruct,1,40,0.975,0.40178034346374325,-0.045159738214526776,0.03393941467743171,0.5660598994853216
ibm-granite/granite-3.3-8b-instruct,0,40,1.0,0.3602490505008409,-0.044747204568064754,0.03393941467743171,0.5419579267294835
meta-llama/Llama-2-13b-chat-hf,39,40,0.025,0.01625751691789301,-0.01344212269431585,0.012609221422512328,0.3658156617525492
meta-llama/Llama-2-13b-chat-hf,38,40,0.05,0.04898978203849258,-0.013576321677274988,0.012609221422512328,0.3328342162487994
meta-llama/Llama-2-13b-chat-hf,37,40,0.075,0.16983084535405701,-0.01379630548546851,0.012609221422512328,0.328307927356001
meta-llama/Llama-2-13b-chat-hf,36,40,0.1,0.21988018708841328,-0.01405557284646366,0.012609221422512328,0.35226565474513727
meta-llama/Llama-2-13b-chat-hf,35,40,0.125,0.25589313320208573,-0.015041439402851728,0.012609221422512328,0.38621561771426804
meta-llama/Llama-2-13b-chat-hf,34,40,0.15,0.24643109264982532,-0.015144873670313449,0.012609221422512328,0.42806095692332335
meta-llama/Llama-2-13b-chat-hf,33,40,0.175,0.26840618443308595,-0.015161390731515423,0.012609221422512328,0.4300980977260723
meta-llama/Llama-2-13b-chat-hf,32,40,0.2,0.3212528513273393,-0.015415827724189663,0.012609221422512328,0.3858869321882368
meta-llama/Llama-2-13b-chat-hf,31,40,0.225,0.3196839272905221,-0.015143606466561503,0.012609221422512328,0.4196195192833757
meta-llama/Llama-2-13b-chat-hf,30,40,0.25,0.32514413599106606,-0.015197171927476294,0.012609221422512328,0.41460478796479683
meta-llama/Llama-2-13b-chat-hf,29,40,0.275,0.2823033619851809,-0.015328674396624263,0.012609221422512328,0.40256580519415486
meta-llama/Llama-2-13b-chat-hf,28,40,0.3,0.2975130504599991,-0.015318166165890407,0.012609221422512328,0.40862254212999494
meta-llama/Llama-2-13b-chat-hf,27,40,0.325,0.33392479004146836,-0.015511821714622485,0.012609221422512328,0.4322821841805524
meta-llama/Llama-2-13b-chat-hf,26,40,0.35,0.3346093116829969,-0.015387423841097583,0.012609221422512328,0.4068855046123687
meta-llama/Llama-2-13b-chat-hf,25,40,0.375,0.32367572113655885,-0.015409757877613697,0.012609221422512328,0.3983535968170909
meta-llama/Llama-2-13b-chat-hf,24,40,0.4,0.32992889224664845,-0.015448194187245476,0.012609221422512328,0.4321080333855437
meta-llama/Llama-2-13b-chat-hf,23,40,0.425,0.3668322904476494,-0.015362174047182557,0.012609221422512328,0.45111784236583985
meta-llama/Llama-2-13b-chat-hf,22,40,0.45,0.37730842685796917,-0.015403838491122703,0.012609221422512328,0.4562234811756971
meta-llama/Llama-2-13b-chat-hf,21,40,0.475,0.3748438502165097,-0.015477946102943521,0.012609221422512328,0.4753268833366123
meta-llama/Llama-2-13b-chat-hf,20,40,0.5,0.36904100887328617,-0.015483440711877381,0.012609221422512328,0.46615263379403105
meta-llama/Llama-2-13b-chat-hf,19,40,0.525,0.37501958323883133,-0.015422656671065642,0.012609221422512328,0.4514807551119171
meta-llama/Llama-2-13b-chat-hf,18,40,0.55,0.3848720179043176,-0.0153998430329626,0.012609221422512328,0.4427986592430483
meta-llama/Llama-2-13b-chat-hf,17,40,0.575,0.37982661526997596,-0.015384120170888126,0.012609221422512328,0.4153044787732012
meta-llama/Llama-2-13b-chat-hf,16,40,0.6,0.3840266432446512,-0.015483772123294187,0.012609221422512328,0.40951632430362084
meta-llama/Llama-2-13b-chat-hf,15,40,0.625,0.3765151719734847,-0.015464328762992535,0.012609221422512328,0.42683303653555826
meta-llama/Llama-2-13b-chat-hf,14,40,0.65,0.37118708587125127,-0.015436744852322378,0.012609221422512328,0.43910183928219604
meta-llama/Llama-2-13b-chat-hf,13,40,0.675,0.3660887526896297,-0.014869535315378154,0.012609221422512328,0.43990818144916444
meta-llama/Llama-2-13b-chat-hf,12,40,0.7,0.3529954154301299,-0.014797206661141333,0.012609221422512328,0.475954035339081
meta-llama/Llama-2-13b-chat-hf,11,40,0.725,0.36761555959888836,-0.015269562360563338,0.012609221422512328,0.47068175883387564
meta-llama/Llama-2-13b-chat-hf,10,40,0.75,0.35989147204078964,-0.015237070932813858,0.012609221422512328,0.4706723969988116
meta-llama/Llama-2-13b-chat-hf,9,40,0.775,0.3636725552498917,-0.015225294532334675,0.012609221422512328,0.4534150857124889
meta-llama/Llama-2-13b-chat-hf,8,40,0.8,0.35851691270506825,-0.015179845468211979,0.012609221422512328,0.44082702863322143
meta-llama/Llama-2-13b-chat-hf,7,40,0.825,0.36194792484158034,-0.015166296389164568,0.012609221422512328,0.43308512556017664
meta-llama/Llama-2-13b-chat-hf,6,40,0.85,0.3658901276591383,-0.015125857859133006,0.012609221422512328,0.4187089401384033
meta-llama/Llama-2-13b-chat-hf,5,40,0.875,0.3477508497317754,-0.015075072024858827,0.012609221422512328,0.41908593618114076
meta-llama/Llama-2-13b-chat-hf,4,40,0.9,0.33764397140335145,-0.015083760342399428,0.012609221422512328,0.4046085350023024
meta-llama/Llama-2-13b-chat-hf,3,40,0.925,0.3341717635402931,-0.015061400780816504,0.012609221422512328,0.3876302711271302
meta-llama/Llama-2-13b-chat-hf,2,40,0.95,0.32418549480187087,-0.015023469603899683,0.012609221422512328,0.39082664966148606
meta-llama/Llama-2-13b-chat-hf,1,40,0.975,0.30428496534158833,-0.015012771686738797,0.012609221422512328,0.35144468194904044
meta-llama/Llama-2-13b-chat-hf,0,40,1.0,0.27807345404655015,-0.014953225750032894,0.012609221422512328,0.327258226007193
meta-llama/Llama-3.2-1B-Instruct,15,16,0.0625,0.05857603726351179,-0.018269417151707726,0.010502702580466984,0.08543927822176822
meta-llama/Llama-3.2-1B-Instruct,14,16,0.125,0.11857501195485243,-0.01815684629143557,0.010502702580466984,0.09406771983651363
meta-llama/Llama-3.2-1B-Instruct,13,16,0.1875,0.1951869755808039,-0.015362464800963423,0.010502702580466984,0.10351785623376086
meta-llama/Llama-3.2-1B-Instruct,12,16,0.25,0.2679699435823639,-0.014769161691084276,0.010502702580466984,0.11630456404684475
meta-llama/Llama-3.2-1B-Instruct,11,16,0.3125,0.3650296633683463,-0.01160146764563971,0.010502702580466984,0.10123845718181279
meta-llama/Llama-3.2-1B-Instruct,10,16,0.375,0.3119989376761292,-0.012777902248481417,0.010502702580466984,0.1190418373797012
meta-llama/Llama-3.2-1B-Instruct,9,16,0.4375,0.30152062458974305,-0.012508422749929662,0.010502702580466984,0.12361619019687453
meta-llama/Llama-3.2-1B-Instruct,8,16,0.5,0.31757416874542266,-0.014134397460974798,0.010502702580466984,0.13439575899994505
meta-llama/Llama-3.2-1B-Instruct,7,16,0.5625,0.2840038416269709,-0.01366758177166632,0.010502702580466984,0.14402726324198611
meta-llama/Llama-3.2-1B-Instruct,6,16,0.625,0.2688651773177352,-0.012872401158074887,0.010502702580466984,0.14320332923992174
meta-llama/Llama-3.2-1B-Instruct,5,16,0.6875,0.24840917392699757,-0.014447635567912696,0.010502702580466984,0.14532070349135828
meta-llama/Llama-3.2-1B-Instruct,4,16,0.75,0.26276077416394605,-0.014470210950854993,0.010502702580466984,0.15245184785880583
meta-llama/Llama-3.2-1B-Instruct,3,16,0.8125,0.28217111637072434,-0.014641083357264658,0.010502702580466984,0.15780440748876845
meta-llama/Llama-3.2-1B-Instruct,2,16,0.875,0.3292370977192368,-0.012485068671873122,0.010502702580466984,0.16113103858072098
meta-llama/Llama-3.2-1B-Instruct,1,16,0.9375,0.31851520619285345,-0.012718203749734501,0.010502702580466984,0.172195580620906
meta-llama/Llama-3.2-1B-Instruct,0,16,1.0,0.3001566381722359,-0.012524397267485539,0.010502702580466984,0.15471492551707833
meta-llama/Llama-3.2-3B-Instruct,27,28,0.03571428571428571,0.30152869601422094,-0.00776388568381007,0.006971662629910492,0.1001768227699481
meta-llama/Llama-3.2-3B-Instruct,26,28,0.07142857142857142,0.36759352386428434,-0.00830042011765658,0.006971662629910492,0.09216592149117964
meta-llama/Llama-3.2-3B-Instruct,25,28,0.10714285714285714,0.40120176579099853,-0.008754348093547203,0.006971662629910492,0.15060188273238984
meta-llama/Llama-3.2-3B-Instruct,24,28,0.14285714285714285,0.41125922333822085,-0.009014736296028952,0.006971662629910492,0.1736791530782632
meta-llama/Llama-3.2-3B-Instruct,23,28,0.17857142857142858,0.43061398367690495,-0.009143406762081398,0.006971662629910492,0.22018193909994976
meta-llama/Llama-3.2-3B-Instruct,22,28,0.21428571428571427,0.4479301812630483,-0.008992874440440267,0.006971662629910492,0.1768429878438581
meta-llama/Llama-3.2-3B-Instruct,21,28,0.25,0.441045138392931,-0.009151872520082125,0.006971662629910492,0.20691702266329726
meta-llama/Llama-3.2-3B-Instruct,20,28,0.2857142857142857,0.4269885686533337,-0.008905167055177979,0.006971662629910492,0.21243786804441678
meta-llama/Llama-3.2-3B-Instruct,19,28,0.32142857142857145,0.4308551919135313,-0.009116487180145107,0.006971662629910492,0.2512895401091806
meta-llama/Llama-3.2-3B-Instruct,18,28,0.35714285714285715,0.38361511355924205,-0.009017823073954915,0.006971662629910492,0.28429126516029635
meta-llama/Llama-3.2-3B-Instruct,17,28,0.39285714285714285,0.41654670804287486,-0.009105503203961548,0.006971662629910492,0.2640833365223699
meta-llama/Llama-3.2-3B-Instruct,16,28,0.42857142857142855,0.4256060803561307,-0.008591082074165497,0.006971662629910492,0.27094578626008814
meta-llama/Llama-3.2-3B-Instruct,15,28,0.4642857142857143,0.45089773806667965,-0.008494792269521958,0.006971662629910492,0.2597243123996812
meta-llama/Llama-3.2-3B-Instruct,14,28,0.5,0.45537911577311097,-0.008561503056606056,0.006971662629910492,0.28231176265549485
meta-llama/Llama-3.2-3B-Instruct,13,28,0.5357142857142857,0.44282955979174876,-0.007999942891540813,0.006971662629910492,0.30140529522080073
meta-llama/Llama-3.2-3B-Instruct,12,28,0.5714285714285714,0.46779865826983713,-0.008018695620663593,0.006971662629910492,0.2844473246678427
meta-llama/Llama-3.2-3B-Instruct,11,28,0.6071428571428571,0.48336316789108813,-0.008055582674171252,0.006971662629910492,0.2644534847213562
meta-llama/Llama-3.2-3B-Instruct,10,28,0.6428571428571429,0.47941162278945026,-0.007888846440002619,0.006971662629910492,0.26068258603240413
meta-llama/Llama-3.2-3B-Instruct,9,28,0.6785714285714286,0.48614584057772214,-0.007787960673224014,0.006971662629910492,0.2393336968382862
meta-llama/Llama-3.2-3B-Instruct,8,28,0.7142857142857143,0.4744941737448316,-0.007763254848140612,0.006971662629910492,0.2548267660622976
meta-llama/Llama-3.2-3B-Instruct,7,28,0.75,0.4722884893674173,-0.007808132600991052,0.006971662629910492,0.24573626773945279
meta-llama/Llama-3.2-3B-Instruct,6,28,0.7857142857142857,0.46799798228677014,-0.00789918962821615,0.006971662629910492,0.23153498689975738
meta-llama/Llama-3.2-3B-Instruct,5,28,0.8214285714285714,0.4872824674224757,-0.007785921623345149,0.006971662629910492,0.23783874435328978
meta-llama/Llama-3.2-3B-Instruct,4,28,0.8571428571428571,0.4901052946268615,-0.008110442324236055,0.006971662629910492,0.24196927229927156
meta-llama/Llama-3.2-3B-Instruct,3,28,0.8928571428571429,0.4844345250309662,-0.008143793589623948,0.006971662629910492,0.23875226463353083
meta-llama/Llama-3.2-3B-Instruct,2,28,0.9285714285714286,0.49228192393575676,-0.008229089327435778,0.006971662629910492,0.223136773305596
meta-llama/Llama-3.2-3B-Instruct,1,28,0.9642857142857143,0.48505829644803344,-0.008368741875365888,0.006971662629910492,0.23483017233913217
meta-llama/Llama-3.2-3B-Instruct,0,28,1.0,0.48568680393466745,-0.008824543732199513,0.006971662629910492,0.2134739302819928
microsoft/Phi-4-mini-instruct,31,32,0.03125,0.3270601589765476,-0.018733534500932254,0.014740259774301979,0.4135270309731387
microsoft/Phi-4-mini-instruct,30,32,0.0625,0.3682196054828615,-0.022473945897204018,0.014740259774301979,0.47221218810069643
microsoft/Phi-4-mini-instruct,29,32,0.09375,0.4387249160907899,-0.020467429460105012,0.014740259774301979,0.46665600576445465
microsoft/Phi-4-mini-instruct,28,32,0.125,0.3852638108238401,-0.022336062289125245,0.014740259774301979,0.45337332469524205
microsoft/Phi-4-mini-instruct,27,32,0.15625,0.3907550773293431,-0.021998015477482223,0.014740259774301979,0.446514998579118
microsoft/Phi-4-mini-instruct,26,32,0.1875,0.40430692167047666,-0.02156178641609226,0.014740259774301979,0.4808127958439008
microsoft/Phi-4-mini-instruct,25,32,0.21875,0.41195835785515067,-0.021358921278127073,0.014740259774301979,0.47043471884408494
microsoft/Phi-4-mini-instruct,24,32,0.25,0.4621324524170788,-0.018938459580971054,0.014740259774301979,0.4884211146073253
microsoft/Phi-4-mini-instruct,23,32,0.28125,0.5059878685152848,-0.0183798519398438,0.014740259774301979,0.5057734973237091
microsoft/Phi-4-mini-instruct,22,32,0.3125,0.5180188099874181,-0.01798635272566996,0.014740259774301979,0.5229225305724787
microsoft/Phi-4-mini-instruct,21,32,0.34375,0.510684850829086,-0.017973188461025105,0.014740259774301979,0.5361374052004966
microsoft/Phi-4-mini-instruct,20,32,0.375,0.5262812650551039,-0.017705104577168746,0.014740259774301979,0.5464807971443355
microsoft/Phi-4-mini-instruct,19,32,0.40625,0.5146264599707555,-0.0176079746432265,0.014740259774301979,0.5720759101779642
microsoft/Phi-4-mini-instruct,18,32,0.4375,0.5281173694101693,-0.01741254305096025,0.014740259774301979,0.5522580018296287
microsoft/Phi-4-mini-instruct,17,32,0.46875,0.5330102253918372,-0.017362041566774376,0.014740259774301979,0.5343304408071741
microsoft/Phi-4-mini-instruct,16,32,0.5,0.5236953830297947,-0.017394154509987013,0.014740259774301979,0.5396188750103563
microsoft/Phi-4-mini-instruct,15,32,0.53125,0.5148775895810858,-0.01755833395630354,0.014740259774301979,0.5417219592586633
microsoft/Phi-4-mini-instruct,14,32,0.5625,0.5175390091616971,-0.017665923770905142,0.014740259774301979,0.5324206213168328
microsoft/Phi-4-mini-instruct,13,32,0.59375,0.4982796752327875,-0.017840940208435598,0.014740259774301979,0.5431082018505249
microsoft/Phi-4-mini-instruct,12,32,0.625,0.47206533921407845,-0.018025559617045557,0.014740259774301979,0.5358376948669266
microsoft/Phi-4-mini-instruct,11,32,0.65625,0.46525734952229403,-0.018074819730085418,0.014740259774301979,0.5361860166990746
microsoft/Phi-4-mini-instruct,10,32,0.6875,0.4769421514399549,-0.01665023284355127,0.014740259774301979,0.547513437904369
microsoft/Phi-4-mini-instruct,9,32,0.71875,0.4615826680538361,-0.016686471605855274,0.014740259774301979,0.5626200755790214
microsoft/Phi-4-mini-instruct,8,32,0.75,0.46238346529253493,-0.01657047556682963,0.014740259774301979,0.567968272060131
microsoft/Phi-4-mini-instruct,7,32,0.78125,0.46226685961568814,-0.016625216151454895,0.014740259774301979,0.5958788245791691
microsoft/Phi-4-mini-instruct,6,32,0.8125,0.45353503566066666,-0.016583268096107533,0.014740259774301979,0.5859317182102448
microsoft/Phi-4-mini-instruct,5,32,0.84375,0.4463833551869837,-0.016592701738030975,0.014740259774301979,0.5919631271826905
microsoft/Phi-4-mini-instruct,4,32,0.875,0.4525120863081351,-0.016522732587288043,0.014740259774301979,0.6084571727746245
microsoft/Phi-4-mini-instruct,3,32,0.90625,0.44515828639187593,-0.01657275322373598,0.014740259774301979,0.597609057799757
microsoft/Phi-4-mini-instruct,2,32,0.9375,0.43944115218468605,-0.016554791739804977,0.014740259774301979,0.598883641681026
microsoft/Phi-4-mini-instruct,1,32,0.96875,0.4387609047848625,-0.01684963576563739,0.014740259774301979,0.5803203431203137
microsoft/Phi-4-mini-instruct,0,32,1.0,0.44237563611100017,-0.01697898059635513,0.014740259774301979,0.5712940983053626
mistralai/Ministral-3-3B-Base-2512,25,26,0.038461538461538464,-0.04002892741014774,-0.09415844425485169,0.17647542787172998,0.07328633780669047
mistralai/Ministral-3-3B-Base-2512,24,26,0.07692307692307693,-0.023387167865398295,-0.12062381965060497,0.17647542787172998,0.1840825193065052
mistralai/Ministral-3-3B-Base-2512,23,26,0.11538461538461539,-0.014457796547811208,-0.15115286066991046,0.17647542787172998,0.1701628722067967
mistralai/Ministral-3-3B-Base-2512,22,26,0.15384615384615385,0.004452305812378654,-0.15232997866475062,0.17647542787172998,0.254951461612298
mistralai/Ministral-3-3B-Base-2512,21,26,0.19230769230769232,0.057753395592311074,-0.15579088902318936,0.17647542787172998,0.3533584353167952
mistralai/Ministral-3-3B-Base-2512,20,26,0.23076923076923078,0.11107260368256322,-0.1611038850524077,0.17647542787172998,0.2910688361247735
mistralai/Ministral-3-3B-Base-2512,19,26,0.2692307692307692,0.149881941489323,-0.1616128294413382,0.17647542787172998,0.276198806839307
mistralai/Ministral-3-3B-Base-2512,18,26,0.3076923076923077,0.16042509058288523,-0.16486575596844877,0.17647542787172998,0.2772080013668188
mistralai/Ministral-3-3B-Base-2512,17,26,0.34615384615384615,0.2154531296641542,-0.17088109262531598,0.17647542787172998,0.29599215771017173
mistralai/Ministral-3-3B-Base-2512,16,26,0.38461538461538464,0.22080120577612594,-0.1696600534705832,0.17647542787172998,0.27802972801942827
mistralai/Ministral-3-3B-Base-2512,15,26,0.4230769230769231,0.2123504420737714,-0.1646119712358293,0.17647542787172998,0.32072895481873065
mistralai/Ministral-3-3B-Base-2512,14,26,0.46153846153846156,0.19713061691461586,-0.16180373072014267,0.17647542787172998,0.43192341867938644
mistralai/Ministral-3-3B-Base-2512,13,26,0.5,0.216084919832499,-0.16169914086503837,0.17647542787172998,0.44145111872368004
mistralai/Ministral-3-3B-Base-2512,12,26,0.5384615384615384,0.22819309850539682,-0.16304593136321083,0.17647542787172998,0.49306055261032566
mistralai/Ministral-3-3B-Base-2512,11,26,0.5769230769230769,0.21133802032822557,-0.16419660639085532,0.17647542787172998,0.4818972504537645
mistralai/Ministral-3-3B-Base-2512,10,26,0.6153846153846154,0.2501568752351655,-0.16707694612341986,0.17647542787172998,0.5313366919590135
mistralai/Ministral-3-3B-Base-2512,9,26,0.6538461538461539,0.2675849172513508,-0.16891109445374605,0.17647542787172998,0.49402377946750964
mistralai/Ministral-3-3B-Base-2512,8,26,0.6923076923076923,0.26112963748798157,-0.17274330149234915,0.17647542787172998,0.45104267033112655
mistralai/Ministral-3-3B-Base-2512,7,26,0.7307692307692307,0.28425162403902504,-0.17547577747620635,0.17647542787172998,0.4551097928382616
mistralai/Ministral-3-3B-Base-2512,6,26,0.7692307692307693,0.2840927626228955,-0.17823149829910215,0.17647542787172998,0.4701762305203313
mistralai/Ministral-3-3B-Base-2512,5,26,0.8076923076923077,0.2566880668757201,-0.17837754167519998,0.17647542787172998,0.47929367105250076
mistralai/Ministral-3-3B-Base-2512,4,26,0.8461538461538461,0.2552698236252904,-0.18620394085548947,0.17647542787172998,0.4894268235634379
mistralai/Ministral-3-3B-Base-2512,3,26,0.8846153846153846,0.34309878644661507,-0.17927770538056528,0.17647542787172998,0.5053835569519813
mistralai/Ministral-3-3B-Base-2512,2,26,0.9230769230769231,0.33621330721206244,-0.17958375606298382,0.17647542787172998,0.4812340999682885
mistralai/Ministral-3-3B-Base-2512,1,26,0.9615384615384616,0.37228747079234814,-0.18238015772138347,0.17647542787172998,0.465621403140444
mistralai/Ministral-3-3B-Base-2512,0,26,1.0,0.3619652530239059,-0.18508861501504498,0.17647542787172998,0.4597710508112397
mistralai/Mistral-7B-v0.3,31,32,0.03125,-0.02269726841059949,0.02394355136095769,0.006400443837248022,0.3876236784798246
mistralai/Mistral-7B-v0.3,30,32,0.0625,-0.030414885842600548,0.005058323059247972,0.006400443837248022,0.5449441000977284
mistralai/Mistral-7B-v0.3,29,32,0.09375,-0.0560488024310013,0.005586641155643152,0.006400443837248022,0.6256269322497274
mistralai/Mistral-7B-v0.3,28,32,0.125,-0.06379620798917718,-0.006398047867583359,0.006400443837248022,0.5766534609904304
mistralai/Mistral-7B-v0.3,27,32,0.15625,-0.06863659149639179,-0.0233748765483139,0.006400443837248022,0.6273440233094496
mistralai/Mistral-7B-v0.3,26,32,0.1875,-0.05356915752334235,-0.01915989612960118,0.006400443837248022,0.6140195753298627
mistralai/Mistral-7B-v0.3,25,32,0.21875,-0.07090546433642309,-0.029630463377585764,0.006400443837248022,0.6258901117195483
mistralai/Mistral-7B-v0.3,24,32,0.25,-0.05310466341511999,-0.028767619810174668,0.006400443837248022,0.603060527537205
mistralai/Mistral-7B-v0.3,23,32,0.28125,-0.0838203347905413,-0.021315762885386867,0.006400443837248022,0.6364301901579313
mistralai/Mistral-7B-v0.3,22,32,0.3125,-0.09428613405332986,-0.02014025396110064,0.006400443837248022,0.6115815221397577
mistralai/Mistral-7B-v0.3,21,32,0.34375,-0.07376763471660941,-0.017573263681835746,0.006400443837248022,0.6224090037351787
mistralai/Mistral-7B-v0.3,20,32,0.375,-0.0777334593944925,-0.010901197928496828,0.006400443837248022,0.613371365798334
mistralai/Mistral-7B-v0.3,19,32,0.40625,-0.056027495147938255,-0.008850123670110299,0.006400443837248022,0.5961981007001071
mistralai/Mistral-7B-v0.3,18,32,0.4375,-0.07957681670673677,-0.004210671189722483,0.006400443837248022,0.6229123809861511
mistralai/Mistral-7B-v0.3,17,32,0.46875,-0.0810675040801414,0.001629705031794783,0.006400443837248022,0.6057760960653822
mistralai/Mistral-7B-v0.3,16,32,0.5,-0.108909720147357,0.022306516044772136,0.006400443837248022,0.5685863070712581
mistralai/Mistral-7B-v0.3,15,32,0.53125,-0.11592793294955306,0.0025641442958840624,0.006400443837248022,0.5970366512517116
mistralai/Mistral-7B-v0.3,14,32,0.5625,-0.1090978528140063,0.002012409099596644,0.006400443837248022,0.5936938609147011
mistralai/Mistral-7B-v0.3,13,32,0.59375,-0.09988162015133883,0.04514949201798907,0.006400443837248022,0.6112805788700169
mistralai/Mistral-7B-v0.3,12,32,0.625,-0.10643138595686463,0.035428897701389954,0.006400443837248022,0.5756994769900139
mistralai/Mistral-7B-v0.3,11,32,0.65625,-0.1070425139387936,0.031156025427709302,0.006400443837248022,0.543967323381024
mistralai/Mistral-7B-v0.3,10,32,0.6875,-0.08846947132461791,0.031133627779080256,0.006400443837248022,0.5138027062233967
mistralai/Mistral-7B-v0.3,9,32,0.71875,-0.08105823727609551,0.030439777698443284,0.006400443837248022,0.5129337561423033
mistralai/Mistral-7B-v0.3,8,32,0.75,-0.052177428085999455,0.03494195179340237,0.006400443837248022,0.5141579567443859
mistralai/Mistral-7B-v0.3,7,32,0.78125,-0.05174447851291175,0.04063952238723303,0.006400443837248022,0.519489093723358
mistralai/Mistral-7B-v0.3,6,32,0.8125,-0.05423712272524939,0.042452015030200525,0.006400443837248022,0.5390029073091633
mistralai/Mistral-7B-v0.3,5,32,0.84375,-0.05500008247410637,0.0560592488511467,0.006400443837248022,0.511627862779523
mistralai/Mistral-7B-v0.3,4,32,0.875,-0.054636903657864444,0.05692868827863247,0.006400443837248022,0.5159204749649031
mistralai/Mistral-7B-v0.3,3,32,0.90625,-0.052559488394770204,0.05423212814027862,0.006400443837248022,0.5202571765735635
mistralai/Mistral-7B-v0.3,2,32,0.9375,-0.06630126635200462,0.05745507540210605,0.006400443837248022,0.5195788240061255
mistralai/Mistral-7B-v0.3,1,32,0.96875,-0.05413594728728399,0.05451910450870997,0.006400443837248022,0.5280337126338976
mistralai/Mistral-7B-v0.3,0,32,1.0,-0.07055797912360484,0.003634184951938289,0.006400443837248022,0.5289192438298178
mistralai/Mistral-Small-24B-Instruct-2501,39,40,0.025,0.2825250691877822,-0.034472101148999935,0.03165570587844372,0.01114517278548266
mistralai/Mistral-Small-24B-Instruct-2501,38,40,0.05,0.27529055097121247,-0.034690706423658034,0.03165570587844372,0.08189244856352651
mistralai/Mistral-Small-24B-Instruct-2501,37,40,0.075,0.2816600936698501,-0.03411909791450442,0.03165570587844372,0.07195453086991954
mistralai/Mistral-Small-24B-Instruct-2501,36,40,0.1,0.2998153973847423,-0.034318525285916175,0.03165570587844372,0.10491323192909174
mistralai/Mistral-Small-24B-Instruct-2501,35,40,0.125,0.30213126276311475,-0.03400588739114639,0.03165570587844372,0.05853214656996253
mistralai/Mistral-Small-24B-Instruct-2501,34,40,0.15,0.28869669231207307,-0.03376361846099245,0.03165570587844372,0.059867488738523655
mistralai/Mistral-Small-24B-Instruct-2501,33,40,0.175,0.2987677256746406,-0.03442297851676896,0.03165570587844372,0.0613603223181578
mistralai/Mistral-Small-24B-Instruct-2501,32,40,0.2,0.31613243090673915,-0.03427279466574208,0.03165570587844372,0.06453879468866552
mistralai/Mistral-Small-24B-Instruct-2501,31,40,0.225,0.38849848804682285,-0.03292087491284645,0.03165570587844372,0.09491971393942655
mistralai/Mistral-Small-24B-Instruct-2501,30,40,0.25,0.4451281684321251,-0.03447067243347838,0.03165570587844372,0.07814563282658649
mistralai/Mistral-Small-24B-Instruct-2501,29,40,0.275,0.4105750026744944,-0.035314823192024454,0.03165570587844372,0.08610261634567973
mistralai/Mistral-Small-24B-Instruct-2501,28,40,0.3,0.45644412426191305,-0.031926643007164884,0.03165570587844372,0.10588256395685736
mistralai/Mistral-Small-24B-Instruct-2501,27,40,0.325,0.4865953914612984,-0.03156185546615988,0.03165570587844372,0.14749125653794148
mistralai/Mistral-Small-24B-Instruct-2501,26,40,0.35,0.4750059985687537,-0.03399700425965374,0.03165570587844372,0.17044714877896383
mistralai/Mistral-Small-24B-Instruct-2501,25,40,0.375,0.4560211765137472,-0.03392159269609397,0.03165570587844372,0.19426783767261235
mistralai/Mistral-Small-24B-Instruct-2501,24,40,0.4,0.48173536125576477,-0.0339113556016068,0.03165570587844372,0.2177180194134989
mistralai/Mistral-Small-24B-Instruct-2501,23,40,0.425,0.4541779681377267,-0.03419981372826257,0.03165570587844372,0.2652529079422109
mistralai/Mistral-Small-24B-Instruct-2501,22,40,0.45,0.5043925864146133,-0.03299078848420163,0.03165570587844372,0.2603777744676159
mistralai/Mistral-Small-24B-Instruct-2501,21,40,0.475,0.46793590896975923,-0.034796414494044754,0.03165570587844372,0.26373277653677774
mistralai/Mistral-Small-24B-Instruct-2501,20,40,0.5,0.4826604923362152,-0.03499594392454919,0.03165570587844372,0.26335175580938264
mistralai/Mistral-Small-24B-Instruct-2501,19,40,0.525,0.4936630298678,-0.03342030752492737,0.03165570587844372,0.2977971429162465
mistralai/Mistral-Small-24B-Instruct-2501,18,40,0.55,0.4686137375155992,-0.03506850549920907,0.03165570587844372,0.2849182540283205
mistralai/Mistral-Small-24B-Instruct-2501,17,40,0.575,0.447865301825236,-0.03517060632953589,0.03165570587844372,0.30071249758595
mistralai/Mistral-Small-24B-Instruct-2501,16,40,0.6,0.44542461427144175,-0.0353984820734416,0.03165570587844372,0.27860268177443714
mistralai/Mistral-Small-24B-Instruct-2501,15,40,0.625,0.45189573540570005,-0.03556962069014054,0.03165570587844372,0.2339294652963162
mistralai/Mistral-Small-24B-Instruct-2501,14,40,0.65,0.46747443487611184,-0.03578841140689453,0.03165570587844372,0.2469139919124277
mistralai/Mistral-Small-24B-Instruct-2501,13,40,0.675,0.4887199218277728,-0.03395859566944318,0.03165570587844372,0.23773935949164893
mistralai/Mistral-Small-24B-Instruct-2501,12,40,0.7,0.48122072041097264,-0.03569580547449579,0.03165570587844372,0.2201727306785456
mistralai/Mistral-Small-24B-Instruct-2501,11,40,0.725,0.4557082822359345,-0.03552115835556004,0.03165570587844372,0.18830302471259142
mistralai/Mistral-Small-24B-Instruct-2501,10,40,0.75,0.4552449444898805,-0.03567314844629757,0.03165570587844372,0.18805901120745094
mistralai/Mistral-Small-24B-Instruct-2501,9,40,0.775,0.4592116321079944,-0.035640883931968015,0.03165570587844372,0.2275331118602375
mistralai/Mistral-Small-24B-Instruct-2501,8,40,0.8,0.457018381216292,-0.03562059750760306,0.03165570587844372,0.22283073100564021
mistralai/Mistral-Small-24B-Instruct-2501,7,40,0.825,0.4433316692242383,-0.035700468481483325,0.03165570587844372,0.22915006342937116
mistralai/Mistral-Small-24B-Instruct-2501,6,40,0.85,0.4428486467060121,-0.03593725051494172,0.03165570587844372,0.20853724446222555
mistralai/Mistral-Small-24B-Instruct-2501,5,40,0.875,0.4428644162371813,-0.03589503928470652,0.03165570587844372,0.2167927979695803
mistralai/Mistral-Small-24B-Instruct-2501,4,40,0.9,0.4350265067643636,-0.03598207134800747,0.03165570587844372,0.2273724904474379
mistralai/Mistral-Small-24B-Instruct-2501,3,40,0.925,0.4289963241684255,-0.03557250864582219,0.03165570587844372,0.22476137352564662
mistralai/Mistral-Small-24B-Instruct-2501,2,40,0.95,0.4259059490605337,-0.03562412730908735,0.03165570587844372,0.22239462722050596
mistralai/Mistral-Small-24B-Instruct-2501,1,40,0.975,0.40455716777244255,-0.03553306590550599,0.03165570587844372,0.26837280983723144
mistralai/Mistral-Small-24B-Instruct-2501,0,40,1.0,0.39065720318566166,-0.03646928971362977,0.03165570587844372,0.366938327096904
zai-org/GLM-4-9B-0414,39,40,0.025,0.4356855793878601,-0.1854523278298631,0.1767502886805713,0.45666506492242487
zai-org/GLM-4-9B-0414,38,40,0.05,0.38657754789650556,-0.18181310720279764,0.1767502886805713,0.4801335183842306
zai-org/GLM-4-9B-0414,37,40,0.075,0.393289944402585,-0.1789308608645159,0.1767502886805713,0.5118219622577296
zai-org/GLM-4-9B-0414,36,40,0.1,0.4670230681443691,-0.17910589956597286,0.1767502886805713,0.512436957599778
zai-org/GLM-4-9B-0414,35,40,0.125,0.4402707333743987,-0.17541893263729097,0.1767502886805713,0.5430919335860348
zai-org/GLM-4-9B-0414,34,40,0.15,0.4695725395786976,-0.17465563974036225,0.1767502886805713,0.564842055244304
zai-org/GLM-4-9B-0414,33,40,0.175,0.5192182312554151,-0.18212093425566936,0.1767502886805713,0.5768260710109872
zai-org/GLM-4-9B-0414,32,40,0.2,0.5184658935627378,-0.18198668692375145,0.1767502886805713,0.5481094027026611
zai-org/GLM-4-9B-0414,31,40,0.225,0.5195012004861039,-0.17957565148454166,0.1767502886805713,0.5127943563507855
zai-org/GLM-4-9B-0414,30,40,0.25,0.5314675384183121,-0.1788980506017215,0.1767502886805713,0.5244356784806616
zai-org/GLM-4-9B-0414,29,40,0.275,0.5530804547111412,-0.17732619394790167,0.1767502886805713,0.524881059413639
zai-org/GLM-4-9B-0414,28,40,0.3,0.583147694149958,-0.17547916096738359,0.1767502886805713,0.5158525595921685
zai-org/GLM-4-9B-0414,27,40,0.325,0.5797350889903401,-0.1767919536767937,0.1767502886805713,0.49134527955544116
zai-org/GLM-4-9B-0414,26,40,0.35,0.5773009480966989,-0.1708065305018983,0.1767502886805713,0.5317335006670054
zai-org/GLM-4-9B-0414,25,40,0.375,0.5780399991927201,-0.1765293756107259,0.1767502886805713,0.5546031755190328
zai-org/GLM-4-9B-0414,24,40,0.4,0.5903817832431031,-0.17561442768832125,0.1767502886805713,0.5711629060612289
zai-org/GLM-4-9B-0414,23,40,0.425,0.6062649768370116,-0.175720498647004,0.1767502886805713,0.5769200619983574
zai-org/GLM-4-9B-0414,22,40,0.45,0.5960667313292356,-0.17644335527361665,0.1767502886805713,0.5651010682762827
zai-org/GLM-4-9B-0414,21,40,0.475,0.5860456044428295,-0.1757020364476937,0.1767502886805713,0.569031461169837
zai-org/GLM-4-9B-0414,20,40,0.5,0.5843503265246187,-0.17471478765223247,0.1767502886805713,0.5700335024268777
zai-org/GLM-4-9B-0414,19,40,0.525,0.6096705458015561,-0.17057698109620165,0.1767502886805713,0.5433939691792551
zai-org/GLM-4-9B-0414,18,40,0.55,0.6159795567970464,-0.17115965289288387,0.1767502886805713,0.5584803073038473
zai-org/GLM-4-9B-0414,17,40,0.575,0.6092978363118005,-0.17129450654435505,0.1767502886805713,0.5772502057492725
zai-org/GLM-4-9B-0414,16,40,0.6,0.5747297532247146,-0.17639767938742545,0.1767502886805713,0.5814835274529264
zai-org/GLM-4-9B-0414,15,40,0.625,0.5655787479609937,-0.176671308434089,0.1767502886805713,0.5954733614428879
zai-org/GLM-4-9B-0414,14,40,0.65,0.5542693559275698,-0.17614235803438597,0.1767502886805713,0.5949041620208979
zai-org/GLM-4-9B-0414,13,40,0.675,0.5465104974128907,-0.17245189926041046,0.1767502886805713,0.6178481802056582
zai-org/GLM-4-9B-0414,12,40,0.7,0.5606654166522529,-0.17703532717181952,0.1767502886805713,0.6344613000969139
zai-org/GLM-4-9B-0414,11,40,0.725,0.5547451390385703,-0.17298440133353732,0.1767502886805713,0.6319102453647254
zai-org/GLM-4-9B-0414,10,40,0.75,0.5632425149307507,-0.1759552604258153,0.1767502886805713,0.6486524891185212
zai-org/GLM-4-9B-0414,9,40,0.775,0.5743873540753903,-0.1753786279523531,0.1767502886805713,0.6539940814589726
zai-org/GLM-4-9B-0414,8,40,0.8,0.5646631684037473,-0.17086313881004575,0.1767502886805713,0.6710839502521645
zai-org/GLM-4-9B-0414,7,40,0.825,0.5594720663521806,-0.17486371846244536,0.1767502886805713,0.6560548209074193
zai-org/GLM-4-9B-0414,6,40,0.85,0.5909971420059108,-0.17083656698760782,0.1767502886805713,0.644765205996223
zai-org/GLM-4-9B-0414,5,40,0.875,0.6020490466409572,-0.1707863790585952,0.1767502886805713,0.6503375319869925
zai-org/GLM-4-9B-0414,4,40,0.9,0.5947080359932126,-0.1707508212826698,0.1767502886805713,0.6361732543562535
zai-org/GLM-4-9B-0414,3,40,0.925,0.5954949426400036,-0.17051214036196188,0.1767502886805713,0.6324041863549306
zai-org/GLM-4-9B-0414,2,40,0.95,0.6072495234114242,-0.17050037725080638,0.1767502886805713,0.632048526392117
zai-org/GLM-4-9B-0414,1,40,0.975,0.6071845871207111,-0.17053961290725214,0.1767502886805713,0.6193445002135671
zai-org/GLM-4-9B-0414,0,40,1.0,0.6070245721688627,-0.1709109353983522,0.1767502886805713,0.6222741398265272
